,1.2만,4년 전,와 개좋네        
@user-kf8dh7ii8i,3.7천,4년 전,노엘이 차타면서 뮤비 출연했으면 역대급인데   내 속도는    키로 
@user-pc9uz5gf2s,3천,4년 전,랩이면 랩 노래면 노래 악기면 악기 유머면 유머 투블럭이 잘어울리는 남자      창모
@HOODSTAR-cs2wn,985,4년 전,영비  다 때려 노엘  박어 한요한  범퍼카
@tv-yh6id,2.3천,4년 전(수정됨),요한이형 사랑해
@jungi_225,576,4년 전,한요한 진짜 이런 감성 너무 잘해 으 람보르기니  산산조각  록시땅       까지 말이 필요없다
@ledmundcoo030,96,3년 전,한요한 특 소년만화 갬성이나 새벽갬성 노래들이 많음  근데 그게 딱 내 취향저격이라 개 조아아아아아아아아아아아
@user-zg2hp8us5x,101,3년 전,    분 부분이 레전드   
@user-lo6ti4fo8h,326,4년 전,한여한 존나 부자연스러워      사랑한다 요한아
@user-hd4ic4xs6i,1.6천,4년 전(수정됨),한요한 작곡패턴  헤어졌다    개 슬프고 힙한 띵곡이 나온다    록시땅   불꽃   람보르기니   반복          구석           술마셨다    다른 차원의 텐션의 띵곡이 나온다    헬리콥터  범퍼카   댄스   무드 메이커 호루라기 우사인볼트 
,1.4천,4년 전,고딩때 달고 살던 이모코어의 완벽한 재해석이다 도입부 기타나왔을때 이미 지렸다 한요한이 누구냐
@user-jo9ws6dv3o,40,1년 전,오랜만에 생각나서 들으러 왔다 지금 들어도    개띵곡이네
@user-hp4yr8qo9f,266,4년 전,      내 인생 최고의 고음이다
@user-os4kf4bu3h,52,4년 전(수정됨),와 노래진짜 좋다 초반도입부 진짜 미쳤네요          처음들었을때 기분드네요
@user-pp6tc6iy5g,1.2천,4년 전(수정됨),     잡아땡기네 팬티를
@user-sn6sy2pe1t,458,4년 전,     이부분 너무 좋다
@Destroist,19,1년 전,노래가 진짜 시원한 게 하루 동안 받은 스트레스 다 날라가는 거 같음 
@user-mv1fp7cp1c,40,4년 전,오빠 음악 인생 중에 젤 좋은 노래라고 하더니 진짜 최고야
@63hyun48,3천,4년 전,스윙스        
@user-yk7nd9fo9t,35,3년 전,이 노래 길거리나 친구들이 반에서 틀면 항상 무슨 노랜지 궁금했고 노래 너무 좋아서 무슨 노랜지 진짜 궁금했었는데   네이버에  내 속도는      로 라고 치니까 나와서 오늘만 이노래 몇십번은 들었네요    노래 만들어주셔서 감사합니다 이런 노래류 진짜 정말로 너무 좋아하는데 코로나 때문에 지쳐있던 삶에 이 노래를 접하게되어서 힘이 나네요  
@user-hatsukoi,3.7천,4년 전,이 형 또 음악믿고 얼굴 대충하네
@user-lv6lb5gk1e,116,4년 전,기타 세션맨에서 정규 집을 달리고 있는 요한 오빠  그동안 얼마나 힘들었는지 가늠할 수 없지만 오빠가 힘들었던만큼  아니 그것보다 오조오억배는 더 행복했으면 좋겠어
@user-mp5zd8pn5h,30,4년 전,     요한이형 일렉 계속 반복해서 듣는중 진짜    좋다  
@DR3VMWVLK3R,527,4년 전,사람들과 사이가 좋은남자 악기를 잘다루는 남자 자기 개성까지 미친 남자 대중성있는 회사에소속되있는 남자      그레이
@user-rv3kh4po5e,90,4년 전,어떤 사랑을 했길래 이런곡이  
@user-vr9zb9ec3o,18,4년 전,이 노래로 과학수업함  과학쌤 덕분에 노래좋은거알아내서 좋은데   초 들음         로 과학수업이된다는게 신기함 직업정신이 뛰어남 이거 들으면서 과학수업생각했는데 레게노 노래는 진심 너무 좋다
@user-rm2ju9ir9q,5,2년 전,진짜 드라이빙하면서 이노래 들으면 사고 날거 같음 진짜 기분 째지게 만듬
,5,2년 전,저희 아버지가 이 노래를 정말 좋아합니다  제가 한 번 들려드렸는데 이거 누구냐고 너무 좋다고 계속 이것만 들으셔서 힘듭니다   
@UGRS_Peaches,334,4년 전,반쯤 미쳐가는 나 망가져 나의 삶 넌 내게서 나를 지워가고 또 나를 부셔버려 다 추락한 나를 봐 눈앞에서 멀어지는 너의 속도는      로 너의 속도는      로 너의 속도는      로 눈앞에서 점이 되어버려 부질없는 것이 되어버렸어 대체 누가 쉽다고 말을 해 내 기억 영혼까지 전부 가져가죠 왜 내 숨이 나를 턱 끝까지 몰고 가네 왜 사라지는 나를 보는 기분이란 건 어때 사라지는 너의 속도 어림잡아    킬로 정도 돼 보여 뒤돌지 말고 가 지금 난 좀 사이코야 이럴수록 니가 필요하면 넌 다 알잖아 또 숨을 참는 나 곧 죽어가는 난 난 너를 지켜줄게 나를 지나갈 동안 조금씩 멀어지는 상태 두 눈을 감고 뜨면 사라질 것 같애 수많은 기억들을 돌고 돌아 너는 다시 우릴 마주칠 수 있나 반쯤 미쳐가는 나 망가져 나의 삶 넌 내게서 나를 지워가고 또 나를 부셔버려 다 추락한 나를 봐 눈앞에서 멀어지는 너의 속도는      로 너의 속도는      로 너의 속도는      로 잘못된 길에 빠진 듯이 괜히 왔어 제자리로 다 알면서 왜 다시 여기 어제의 너는 너가 아닌 듯이 분홍빛의 환상인 듯 그래 원래 이게 나였었지 변하는 건 없어 별다를 것 없고 못 꺼낸 말은 많아도 지나쳐 버린 후고 우리는 뭐 옆자리에서 반대 자리 다른 종점      로 가장 너와 가까울 마지막일 걸 지금이 난 너가 지나간 길을 걍 멍히 보고 있을 수 밖에 죽여 찬 공긴 날 쟤넨 내 아픔도 다 남의 거라 하니까 난 입을 꾹 닫네 너의 등 앞에 원하는 건 없어 사랑은 더 없고 다친 나의 마음에 비해 너무 빠른 너의 발걸음 원하는 건 없어 사랑은 더 없고 다친 나의 마음에 비해 너무 빠른 너의 발걸음 반쯤 미쳐가는 나 망가져 나의 삶 넌 내게서 나를 지워가고 또 나를 부셔버려 다 추락한 나를 봐 눈앞에서 멀어지는 너의 속도는      로 너의 속도는      로 너의 속도는      로 너의 속도는      로 너의 속도는      로
@user-eg6ou7qz7z,14,4년 전,형 제발 이거 더 재평가 받으면 좋을것 같아     갓띵곡인데 모두가 알았으면 좋겠다  
@user-ch2jz2vj7i,5,3년 전,이게    사람많은 술집    헌팅술집에서 이노래 들으면 게 쌉지림 전율흐름 몸에
@Klee_kk,7,2년 전,진짜 노래 개좋아서 백만번 돌려듣는중임 광활한  벌판에서 뛰어가면서 노래뷰르는 느낌
@user-dy3zx1ih9l,26,4년 전,아 몰라 한요한 사랑해 오늘도 내일도 모레도    일 한요한할거야 이번 앨범도 대만족이야  
@user-gd5lg7jm2p,320,4년 전,     형님 차선변경 불가능합니다
@user-st9gq3wv3g,762,4년 전(수정됨),한요한       스윙스       해쉬스완        블랙넛        노엘 알콜농도    
@turneverythingintoart,10,2년 전,학교에서 이거 부르다 흑역사 하나 생겼네요 감사합니다
@jebeomjin9809,14,3년 전, 년전에 처음 나왔을 때 엄청 많이 들었었는데 지금 들어도 여전히 좋네   
@user-qw3re9rb2t,50,3년 전,눈앞에서 멀어지는 너의 속도가              대체 누구랑 헤어지신겁니까
@user-bz7vd2ix7n,40,3년 전,노래가 진짜 좋고 들어보면 왜 제목이      인지 알겠네요 진짜 좋네요 가사도 진짜 맘에들고 배경음도 좋고 무비에 나오신 남성분들도 진짜 멋지고 좋네요 랩이면 랩 노래면 노래 악기면 악기 유머먼 유머 투블럭이 잘어울리는 남자 한요한이라는 말이 나올정도로 진짜 좋네요 그리고 이 노래를 불르신 분 한요한이라는 분의 특유의 음색이 너무 좋네요 진짜로
@user-to7qm1mj6t,377,4년 전(수정됨),             의 속도로 한요한으로 부터 멀어지고 있는데 시간당      라면 약        시간 뒤에 지구를 한바퀴 돌아 한요한과 다시 만날것이다 하루에      라면         시간 뒤에 한요한과 만날 것이다 
@user-kf6uv6dg4x,200,3년 전,멋진 노래  잘생긴 얼굴 귀여운 외모 멋진 샤우팅 소름돋는 노래 실력을 가지고 있는          하현우
@user-gz5bg8rs8o,393,3년 전,형 혹시 노엘이랑 디스전하는일이 있으면 그냥 이거불러
@user-ph3ow2fw3l,3,3년 전,옷매장에서 듣고 며칠째 계속찾았는데 드디어 찾았다  노래 개좋다
@yesyes5811,3,1년 전,운동할때 들으면 세상 누구보다 내가 제일쎔
@ychild1807,6,4년 전,진짜 인생곡 맨날 이것만 들으련다
@eloykah.1590,45,4년 전,                                                                                                                                                            
@nyx1911,25,4년 전,                                   
@user-ud3zx9qr5k,2,3년 전,  살 아줌마인데 이 노래에 꽂혀버렸다 라디오에서 우연히듣고 나두모르게 온몸에 전율이    
@Tv-wi8uu,30,4년 전,뭔데 마지막 쥑이네  
@joanazaxe1917,46,4년 전,                                      
@user-yx3qw2mi7i,10,4년 전,이 형 만큼은 별 사고 없이 쭉 오래 음악해줬으면 좋겠다
@Majormockery151,4,3년 전,                                                                                                                      
@user-in6cf1wo5x,11,4년 전,멜로디 존나 잘짰네          개좋음
@heeeeeeeeejo,6,4년 전,이거 진짜 라이브 듣고싶습니다 이번앨범 다 명곡    콘서트 열어주세여 요한최고
@user-rt4gn8lx7z,1,4년 전,훅부분에 넌 네게서 나를 지워가고 또 나를 부셔버려 다 이부분 부셔버려 라 로 들리는거 왤케 좋냐   
@user-ei6nj5fy8p,4,4년 전,한요한 노래 너무좋고 이번앨범 버릴것도 없고 진짜 최고야 사랑해
@user-zv7fc2vw9e,231,4년 전,에버렌드에서 범퍼카 타면서 이 노래를 들었더니 람보르기니를 추월했습니다
@Taehoash2000,29,3년 전,첨에 노래제목 보고 뭔 제목이      야      근데  들어오자마자 이 꽂히는 멜로디       한요한이란사람 이름만알고있었는데 이젠 팬이될것같다    네 레알 다른 띵곡도 알려주시면 감사하겠습니다 개인적으로 애쉬아일랜드 패러노이드랑 한요한       같은 웅장하면서 신나는거 넘나좋아해요   
@___star-vs3eu,0,4년 전,진짜 몇번째 계속 돌려보는중   뮤비에 빨려들어간다 
@jooheonsdimples,43,4년 전,                                                                                                                                                                           
@user-po1zl8nw7p,2,4년 전,진짜 괜히 들었어    게속 이노래 생각나서 하루에 몇번 듣는지 모르겠다
@user-tw8cq4fb1n,8,4년 전(수정됨),키드밀리 보고싶었어  가사 너무 듣고싶었어   다시 와줘서 고마웡
@koolthegang6988,2,3년 전(수정됨),첫인트로 부분부터 샤우팅                    중간 중저음도 매력쪄네요   한국에도 이런 멋진노래가 있다니           샤우팅 창법도 심금을 흔들리게 하는 마력이 있네요  응원할게요   참고로 저는   대입니다  
@user-pf1yr4vc9r,3,11개월 전,진짜 개좋아 맨날 듣는다
@AU-qq4uv,5,4년 전,                                                                                                           
@platinumpixie1,2,3년 전(수정됨),                                                                            
@wooxxx8630,2,3년 전(수정됨),요한이형 나 이 노래 들으면 울어 예전에 내가 좋아하던 애가 전화해서 이 노래 불렀었는데    한요한 노래잖아  하면서 그만 부르라고 했었거든 근데 요즘 걔 생각날때마다 맨날 들으면서 울어 사랑해 형
@Yeonnie47,14,4년 전,                                                                                                                                                                   
@UnchainedM3L0dy,8,4년 전,                                     
@isfpenfp5587,1,6개월 전,한요한은 진짜 보면 볼수록 좋음
@cll581,17,4년 전,                                        
@Lylly_Bett,12,4년 전,                                     
@ZoMichael-a,2,3년 전,                                                                                                                                                                                                                                                                                                                                                                                                    
@user-rs7xq5ib3q,0,3년 전,배달 하면서 매일 이노래듣는데 너무 좋더라
@user-xg5up4of7b,27,4년 전(수정됨),     킫밀리
@3rachasupremacy53,5,3년 전,                           
@mltitude,1,4년 전,                                                         
@editorchlxyo9802,1,4년 전,한요한 진짜로 갈수록 멋있고 자기만의 색깔 확실하네
@leeeee2465,4,2년 전,이 음악 들으면서 운전하면 급발진쌉가 
@mariam-eq6mi,19,4년 전(수정됨),                    
@user-cw7db8px9p,2,4년 전,한요한 인스타만 염탐하다가 노래 첨들었을때 겁나 놀람 생각보다 잘해섴         
@user-ys2xw9nq1j,2,3년 전,한요한 특유의 음색  너무조음진짜
@user-qe7oc3cp4c,7,3년 전,이게 벌써  년이라니 시간 참빠르다
@user-xv4ed4cw1s,4,4년 전,와 진짜 노래도 좋고 한요한도 킫밀도 멋있고 좋아    그리고 밀리형 진짜 좋아
@user-be2st7ce9w,2,4년 전,진짜 과장 도 안 하고 하루에 최소  번은 듣는듯
@wanna_be_free,2,11개월 전,기타파트는 언제 들어도 너무 시원하다  
@eucong,25,3년 전(수정됨),나는 이 곡이 아주 좋다  내가 가장 친애하는 곡이다  한국 화이팅  이런 노래를 더 만들면 좋겠다  어떻게 좋을까 이렇게  이 글은 번역한 것이다  요류가 있다면 요구를 
@deysidepaula,5,3년 전,                      
@user-ux8fc3iq7v,1,3년 전(수정됨),너무 좋다
@user-ht7qw5hm2q,1,4년 전,노래잘들었습니다 피아노소리가 정말 좋네요
@shalessandro,3,10개월 전,고성능 자동차 끌때 이노래 들으면 개간지
@user-he6dz1qp1x,35,4년 전,킫밀 산에서 나물캐는 힙한 아주머니 같애 사랑해 넘 귀여워    
@user-dz9jz1wj3n,4,4년 전,노래 존나좋은거    실화야   진짜 코리안락스타다  
@user-qv9cl9mj9h,1,4년 전,좋아요
@user-su5hw8jq5y,17,4년 전,요한오빠 너무 멋있다 이번 신곡도 겁나 좋고  위 제발 가자           원숭이 아닌 원기옥
@adendjer3780,4,4년 전,                                        
@user-sx7qs7vx1u,7,4년 전,아니 조회수 제발 왜이럼 노래 개좋은데 조회수 보고 내 눈을 의심했다
@user-ii1iq1ou4w,5,3년 전,속이 풀리는 노래야
@user-mu6jy4bt2q,6,4년 전,우리엄마도 옆에서 이거 듣더니 좋대     차트 떡상 화이팅  
@user-zq2zu9lg3u,234,4년 전(수정됨),돈까스  개에  천   원 양홍원    원에  대 한요한 내 속도는       최원재 피규어    개 장용준 합의금    만원
@KimKeun,0,4년 전,곡 기타 들어가자마자 소름돋고  한요한 보컬로 치고 들어올 때 돋아버리고  키드밀리 튠 깔면서 랩 들어갈 때 소름돋고
@user-fm6ox9di7g,2,4년 전,미친 노래 개좋네   뭐야진짜 미쳤다
@user-iq4oo4im6l,8,4년 전,밀리야 요하나 둘이 캐미 오진다   너무 좋아   
@auliaastrid6493,3,4년 전,                                                                                
@KyuHoonOh,0,3년 전,진짜 오랜만에 다시 뮤비보는데 개좋네 
@user-jd5mf1rq4v,0,4년 전,와 진짜 이번건    레전드다 아니진짜 진심 너무좋아
@undercoverism6482,4,4년 전,형 진짜 사랑해          형밖에 없다 산산조각 같은 느낌이야   역시는 역시             
@user-td2sc5ot6g,5,3년 전,다시한번 느끼는건데 한요한 기타 잘쳐  
@whwlsrhks7777,0,4년 전,한요한 내 바램은 꼭 포기하지 않는것 난 락의 길을 포기했지만 포기하지 않는것을 원한다 팬을 돈으로 생각한적 없다는 그의말 처럼 난       처럼 내 꿈에 나아갈테니까 꼭 이런곡을 뽑아줬음 좋겠다
@user-hg8pd3bb5s,1,4년 전,오빠들 팬이에요   사랑해요 앞으로도 좋은 음악 많이들려주세요
@mm-sc2di,3,4년 전,                    
@saphosapien,33,4년 전,                                                       
@kaisaisa7205,1,4년 전,좋다
@user-qe4mm8xb5j,2,4년 전,아니 진짜 팬심이 아니라 진심 노래 개좋네    
@pandagirl9109,4,3년 전,                             
@marisukemaui5129,24,4년 전,                                                                                                               
@user-yv9cf7pr3c,0,4년 전,이거 진짜 요즘들어 들은 노래중에 진짜 원탑인데 사람들 잘 모르네   
@user-qh6xm2kq9l,0,4년 전,넘 좋다
@user-tv2bq1cg1s,5,4년 전,형 처럼 음악해서 저도 성공 하겠슴다
@chaniebang6483,5,3년 전,              
@Alice-gl6um,0,3년 전,이 노래 너무너무너무 너무 좋음
@user-gt6ws1ni8j,0,4년 전,형 수녀님 영상에서도 말했지만 진짜 이런 감성적인게 너무좋아   형 소리지르고 쎄게나오는건 목생각해서 자제하고 그만큼 이런거나 더 내줘  진짜 인정  
@user-pg6lw7ye7g,214,3년 전(수정됨),         이라서           를 부른건가
@timaliska,19,4년 전(수정됨),                                                         
@user-md9jz2ot2p,1,1년 전,멋진 노래 감사해요
@Masta-Woo,0,4년 전,너무 좋아요 짱이야
@lomo659,4,4년 전,한요한은 국힙  탑   원      기옥
@nyx1911,50,4년 전,                                         
@IMAGINECH,2,2년 전,이번곡 진짜 잘뽑았다 오랜만에 한곡 무한재생중이네
@DD-cw1gs,0,4년 전,한요한이 그런 가사를 쓴다는건 인생이 쓰다는 뜻이다 가사만 들어도 알 수 있다
@user-bv5cq9eo9l,2,4년 전,형 사랑해
@gabrielagojic9334,2,4년 전,                                                  
@oil_512,2,3년 전,음악이 완전 소년만화의 주제가같이 들리네요 이노래 들으면서 유산소하면 개좋음    추천합니다
@user-up5kh7vx1x,0,3년 전,진짜 한요한 훅 하나는 진짜 지리네
@Theoseotheo,50,4년 전,이형 제스쳐는 여전하네      
@user-sw7lv7md1h,12,4년 전,한요한은 그냥 병         노래 넘 좋자나   형
@user-lx3cp9rz2p,1,2년 전,와 노래 검나 좋아  
@user-oo8cc1rd6z,0,4년 전,그 한요한이 계정에 올린 춤추는영상에서 나오는 노래 듣고 검색해서 맨날듣는중    개좋네
@user-xo8pd9kf4j,14,3년 전,     개간지 하이라이트
@user-ud1gd7vx1w,39,3년 전,람보르기니의 최고 속력은 시속      이다 가사를 보니 노엘이      로 박아서 노엘에게서 성공 람보르기니가 멀어져간다는 뜻인듯
@nesuokih,0,4년 전,노래 왜케 좋음  
@honeybeevip4856,2,4년 전,                                              
@blu3r0s4,8,3년 전,                                                                        
@ERA_Music,3,1년 전,                          
@jeonghyunkoo_375,0,4년 전,요한이형 음악 정말많이 발전하고있다는걸 깊히깨달음
@FiveBreadTwoFishes,0,4년 전,개좋다
@user-um4hc4cu4v,5,4년 전,오케이 가자
@user-co2jy6de8m,2,1년 전,미친 너무좋다   
@user-df7kt9de2m,0,4년 전(수정됨),와 한요한개멋있어
@user-dv3mc6eq9y,0,3년 전,   배로 들으면 또달라지는 이명곡이란
@deannemae1552,12,4년 전,                                                                  
@user-ty6ft1ow2l,0,4년 전,올해는 꼭 실물을 볼 수 있길 바라며      
@user-sn5xb8fx9e,0,4년 전,노래 진짜좋다
@nidia1930,21,4년 전,                                                                                                                                         
@Creationofleesunsin,3,4년 전,형 진짜      로 달렸네   
@NgocNguyen-hg8jo,0,2년 전,                                                         
@raraarafah6199,1,4년 전,개좋아
@kendry7681,6,4년 전,                     
@user-uq4ey3te9h,6,3년 전(수정됨),요한이형 나 차한번 태워줘 기다릴게 절대 팔지마  아니 근데 또   라리는 또 뭐야 하 나 자꾸 이러면 심장 멈춘다 
@sujinheaven,1,3년 전,솔까 이건    한요한 입덕곡   
@user-vn7xj8ok5u,2,4년 전,한요한 입덕한다
@sugasuga7792,27,4년 전,                        
@Shvalsegs,5,2년 전,오랜만에 듣는데 국내 멈블랩원탑은 킫밀인거같다   
@kridlwk,0,1년 전,내가이걸왜지금들엇지  하여튼  좋음
@bparea00,2,4년 전,                                                  
@rilifek1ha,49,4년 전(수정됨),      잡아 땡기네 팬티를  이라고하신분 누구야          
@user-yf1bg4eh9o,28,3년 전(수정됨),아닠         키드밀리 보고 재키와이인줄 알았네          
@cavepotato7630,1,3년 전,                         
@user-fx2ne5sm4f,2,4년 전(수정됨),밑바닥부터 올라온 남자 음악 하난 진짜 기가 막힌 남자 유머감각도 있는 남자 악기도 잘 다루는 남자     맞아
@daphneho1448,3,4년 전,         
@user-m6h4e648,76,4년 전,장용준의 빈자리를 채워주는 키드밀리 
@luster_757,1,4년 전,라이트를 저래 켜놓으니 차가 당연히 방전되지              고퀄뮤비 찍어줘서 고마워 형
@user-uu3ss9gf4v,0,4년 전,진짜 이건 내   손가락발가락안에 들어가는 개띵곡이다   진심 사랑해 요한이형   
@1llionaireRecordsOfficial,16,4년 전,애시 아일랜드 느낌도 있는데 좋다
@kormiketyson669,75,4년 전,     나오는 미모의 여성래펀 누구신가요   스타크래프트 잘하게 생기셨는데   루  
@user-wg1ux3qi4m,0,3년 전,봐도봐도 역시 한요한 님 은 탑원                       숭이
@nirmalarana3819,1,4년 전,                                   
@odaostar,17,4년 전,                                    
@user-pw8xx3oe2x,2,4년 전,밀리뇨한    사랑해
@molly3711,2,4년 전,                                
@user-cb5eb2uo5k,0,4년 전,근데 아무리 이 형이 진지한 분위기나 표정을 뮤비에서 보여준다 한들 언제나 개웃겨   
@user-xl4iy7by4q,3,4년 전,진짜 이번 앨범 너무 갖고싶다    이런 감성을 한국에서 듣다니 너무 행복하다            그래서 앨범은 어디서 사야되죠 
@snackchip06,61,3년 전,노엘  어 형 신곡준비해  한요한  어 지금 녹음하러갈려고 내 속도는      로  노엘   뜨끔 
@user-rk8tj4ky9e,0,4년 전,진심 흠잡을데가 없음  
@lizetteavila4415,1,4년 전,                            
@aleckarmen3887,5,3년 전,                                               
@yroooo3970,3,4년 전,키드밀리 진짜    쩐다   
@user-wd1pl2gl9o,2,4년 전,킫밀 부분 넘 좋다
@dusty_lusty7375,0,4년 전,개좋
@user-ix2yx1rf6o,3,4년 전,히힣 뽀큐 
@user-vm3oj6vj7r,5,4년 전,킫밀 트렌드는 진짜  
@3rachasupremacy53,1,3년 전,                      
@user-gx5jz6mh2i,2,4년 전,압도적 섹시함 시원한 가성 훅이 지리는 사람      사이먼도미닉
@CM-kh7yb,7,4년 전(수정됨),                                                                     
@d0ve16,11,4년 전,키가큰 남자 춤선이 이쁜남자 목소리가 좋은남자 노래를 잘하는 남자 우리 이쁜 요한이     응 김요한
@user-nd2lk4fn1x,0,4년 전,   락스타네 요한이형
@hyun000-ww,2,4년 전,지금까지 들은 한요한노래중에 젤좋더 훅미첬어 
@user-ug9ib4tr6h,16,4년 전,반쯤 미쳐가는 나 망가져 나의 삶 넌 내게서 나를 지워가고 또 나를 부셔버려라 추락한 나를 봐 눈앞에서 멀어지는  너의 속도는      로 너의 속도는      로 너의 속도는      로   눈앞에서 점이 되어버려 부질없는 것이 되어버렸어 대체 누가 쉽다고 말을 해 내 기억 영혼까지 전부 가져가죠 왜 내 숨이 나를 턱 끝까지 몰고 가네 왜 사라지는 나를 보는 기분이란 건 어때 사라지는 너의 속도 어림잡아    킬로 정도 돼 보여 뒤돌지 말고 가 지금 난 좀 사이코야 이럴수록 니가 필요하면 넌 다 알잖아  또 숨을 참는 나 곧 죽어가는 난 난 너를 지켜줄게 나를 지나갈 동안 조금씩 멀어지는 상태 두 눈을 감고 뜨면 사라질 것 같애 수많은 기억들을 돌고 돌아 너는 다시 우릴 마주칠 수 있나   반쯤 미쳐가는 나 망가져 나의 삶 넌 내게서 나를 지워가고 또 나를 부셔버려라 추락한 나를 봐 눈앞에서 멀어지는  너의 속도는      로 너의 속도는      로 너의 속도는      로   잘못된 길에 빠진 듯이  괜히 왔어 제자리로 다 알면서 왜 다시 여기 어제의 너는 너가 아닌 듯이  분홍빛의 환상인 듯 그래 원래 이게 나였었지 변하는 건 없어 별다를 것 없고 못 꺼낸 말은 많아도  지나쳐 버린 후고 우리는 뭐 옆자리에서  반대 자리 다른 종점      로 가장 너와 가까울  마지막일 걸 지금이 난 너가 지나간 길을 걍 멍히 보고 있을 수 밖에 죽여 찬 공긴 날 쟤넨 내 아픔도 다 남의 거라 하니까 난 입을 꾹 닫네 너의 등 앞에 원하는 건 없어 사랑은 더 없고 다친 나의 마음에 비해 너무 빠른 너의 발걸음 원하는 건 없어 사랑은 더 없고 다친 나의 마음에 비해 너무 빠른 너의 발걸음   반쯤 미쳐가는 나 망가져 나의 삶 넌 내게서 나를 지워가고 또 나를 부셔버려라 추락한 나를 봐 눈앞에서 멀어지는  너의 속도는      로 너의 속도는      로 너의 속도는      로 너의 속도는      로 너의 속도는      로
@BadMouth,1,4년 전,와 개좋네        
@user-mr2sf3nh2g,57,4년 전,반쯤 미쳐가는 나 망가져 나의 삶 넌 내게서 나를 지워가고 또 나를 부셔버려 다 추락한 나를 봐 눈앞에서 멀어지는 너의 속도는      로 너의 속도는      로 너의 속도는      로  눈앞에서 점이 되어버려 부질없는 것이 되어버렸어 대체 누가 쉽다고 말을 해 내 기억 영혼까지 전부 가져가죠 왜 내 숨이 나를 턱 끝까지 몰고 가네 왜 사라지는 나를 보는 기분이란 건 어때 사라지는 너의 속도 어림잡아    킬로 정도 돼 보여 뒤돌지 말고 가 지금 난 좀 사이코야 이럴수록 니가 필요하면 넌 다 알잖아  또 숨을 참는 나 곧 죽어가는 난 난 너를 지켜줄게 나를 지나갈 동안 조금씩 멀어지는 상태 두 눈을 감고 뜨면 사라질 것 같애 수많은 기억들을 돌고 돌아 너는 다시 우릴 마주칠 수 있나  반쯤 미쳐가는 나 망가져 나의 삶 넌 내게서 나를 지워가고 또 나를 부셔버려 다 추락한 나를 봐 눈앞에서 멀어지는 너의 속도는      로 너의 속도는      로 너의 속도는      로  잘못된 길에 빠진 듯이 괜히 왔어 제자리로 다 알면서 왜 다시 여기 어제의 너는 너가 아닌 듯이 분홍빛의 환상인 듯 그래 원래 이게 나였었지 변하는 건 없어 별다를 것 없고 못 꺼낸 말은 많아도 지나쳐 버린 후고 우리는 뭐 옆자리에서 반대 자리 다른 종점      로 가장 너와 가까울 마지막일 걸 지금이 난 너가 지나간 길을 걍 멍히 보고 있을 수 밖에 죽여 찬 공긴 날 쟤넨 내 아픔도 다 남의 거라 하니까 난 입을 꾹 닫네 너의 등 앞에 원하는 건 없어 사랑은 더 없고 다친 나의 마음에 비해 너무 빠른 너의 발걸음  원하는 건 없어 사랑은 더 없고 다친 나의 마음에 비해 너무 빠른 너의 발걸음 반쯤 미쳐가는 나 망가져 나의 삶 넌 내게서 나를 지워가고 또 나를 부셔버려 다 추락한 나를 봐 눈앞에서 멀어지는 너의 속도는      로 너의 속도는      로 너의 속도는      로 너의 속도는      로 너의 속도는      로
@ZZ-ce2pd,4,4년 전(수정됨),     밀리형     킬로로 치였어  
@user-mz8xk2gr7h,18,4년 전,키드밀리 옛날 세이클럽 아바타같네      
@haylyryanlilyjane,2,4년 전,                                                                                
@user-xe4mp6ru2i,0,3년 전,왠지          듣는 느낌      노래 개 좋네 
@chan_iii,65,4년 전,      말고     로 바꿔야 할듯
@user-fr7bl6mt9n,80,4년 전(수정됨),왜 썸네일   그리 닮았냐 
@Rialow2427,0,4년 전,가사가 마음을 울리는거같아 한요한 오빠의 목소리가 다했다   
@jsy794,0,4년 전,진짜 존나 좋네
@user-wj5ro1zg1s,12,4년 전,형 진짜로 밟으면 어떡해   
@blameonion,3,4년 전,노래좋은거    실화냐  진짜 힙합계 최강자들의 싸움이다   내가알던 한요한이맞냐  한요한은 진짜 신이다   
@HGS_99_cis,0,4년 전,개좋네
@user-gu3fo3yt9o,0,4년 전,와 너무좋다 
@user-nh8ei1yd6o,7,3년 전(수정됨),     터널에서 차선 변경하면 불법입니다 형님
@user-bw4iv5hd4b,5,4년 전,     나의 눈앞에서 멀어지는 노엘의 속도는      로
@user-dg6eb8ye3e,0,4년 전,노래     좋아
@d_gwon,1,4년 전,댄스때는 차가 빠지고 이번뮤비에서는 페라리 방전됬다는소식듣고 다시왔어요 무사시형
@_Soha,108,4년 전, 노엘 속도는      로 
@user-gm5lf8cm9q,6,4년 전,야 우주야 너 이거 듣고 있는거 안다 내 돈     원  월   일 까지 갚아라 안 갚으면 이자     원 이다
@user-lb3de1sm3o,1,4년 전,발라드충인 나에게 처음으로 힙합차트를 뒤져보게 해준 신선한 곡
@nurwardina1603,2,2년 전,                            
@user-nx9ns8tl8y,22,4년 전(수정됨),와 야 이건 알아야 된다 정독해     미안하다 이거 보여줄려고 어그로 끌었다 옛날에 아무도 아는 사람 없이 지코 이슬라이브에서 기타 치던 원숭이 맞냐     레전드다  힙합세계관 최강자의 노래다
@saphosapien,5,4년 전,                                           
@user-vw3tf2bm7k,0,4년 전,개좋아    
@user-hg4pt9mu9t,1,2년 전,노래 넘넘 좋아용 
@Hipster-om7bc,32,4년 전,요한 오빠 솔직히 불어봐요 이거 노엘 디스 곡이지 
@user-kz9vn3mp6y,3,4년 전,      버즈로 듣는중인데 오른쪽에서 말하는거 현실에서 듣는줄  
@drygi,1,4년 전,           할머니                                                             
@qkqh8041,1,1년 전,와 미쳤다
@user-ys1ii1jg5v,6,4년 전,     마이크 땔떼 간지나누     
@parkbb_0519_,4,3년 전,김광연님 라이브 보구 왔어요     노래 넘 좋네요 아 목소리 넘좋아요   
@user-ld3xf6sw7i,1,4년 전,나만     배로 들으니깐 좋냐 
@user-kz6fp4id7y,0,3년 전,노래 좋다
@kim-qi6eh,8,4년 전,너의 속도는   키로롴         
@chadhong,11,3년 전,이 뮤비 왤캐 유난히   그리 같이 나왔냐
@user-gd3df4em5y,1,4년 전,  띵곡임
@user-os8pf7ik2g,0,4년 전,진짜 기타 레전드다  
@user-ef6mx5fj9d,5,4년 전,키드밀리 진짜 개 간지난다 씨발  
@user-ow1lqnl2zb,6,4년 전,썸네일 그리인줄        순간 피쳐링에 그리가 있나 확인해봄
@user-cz5kc1zh8g,1,4년 전(수정됨),인트로 개좋은데  
@anjel_0,0,3년 전,들어도 들어도 안질림    
@nogank1ng266,4,3년 전,난 도현이 덕분에 이노래 알았다   
@user-jm7jz5hc5x,7,4년 전,     형 여친 언제생겨    씹존잘이더만   어떤사람은 형이 여친생기면 나도 힙합한다    하던놈있었다고
@user-tj8qw4ty8c,0,4년 전,조회수 올라가는거 보고 흐뭇합니다 
@user-of7pt2qn8j,1,4년 전,                                               
@kissmore,3,4년 전(수정됨),형   로다가       밟아버리면어떻게해요   
@user-le1xk6cg5f,7,4년 전,너의 속도는     로 
@sof5330,1,4년 전,            
@user-is1rl5qj8e,2,3년 전,한요한 살뺀거 신의 한수다    잘생겼네
@ayao216,5,4년 전(수정됨),         알 리빈인어 패킹 패리노이드   
@user-hk6sj2wb6e,5,4년 전,     보고왔습니다
@user-mz1bj8oc6m,0,1년 전,진짜 노래 너무 좋아 비 맞으면서 듣기 좋음
@user-qs6zs9ne8u,0,4년 전,개띵곡   
@user-yp9ut3th6e,4,4년 전(수정됨),스쿨존 잼민식이법같은 쓰레기법은 지킬필요없어 다때려박아 부셔버려 
@user-wo3sm2jh8p,12,4년 전,     나만   그리보이냐 
@user-io9vx4vk7f,0,4년 전(수정됨),한요한    노래 좋다    기타도    실제로 차이에요
@zosimcorona5,1,4년 전,진짜 역시 락스타같게 일렉기타랑 찰떡 궁합이다
@user-rf3qc6ll8l,5,2년 전,얘 살아있는 거냐 컨트롤씨 컨트롤 브이인가 작년에 금방 낼 것같이 말하더니 지금  월이 절반이 지나갔다 이제 그냥 피쳐링만 하면서 살거냐 요한이
@user-or3ns4cv4g,8,4년 전,형 이제     로 바꾸자
@bouchra0109,2,4년 전,                                         
@user-hw6gy2fm1t,0,4년 전,한요한 요즘 속도감있는 노래 존나 좋아하네
@zosimcorona5,13,4년 전,이 노래를 저희 거북이가 듣고 토끼를 이겼음니다
@user-ir3ju4pz7z,4,4년 전,형 애플뮤직도      
@user-fg6je9jl7x,0,4년 전,띵곡
@alqkwhew963,0,4년 전,와 키드밀리 너무좋아진짜
@SayOh875,5,1년 전(수정됨),노엘 속도는      로   
@user-zc6qr4jm3x,6,4년 전,     락하는 최자형
@user-os1rx9hc8o,0,4년 전,내 인생곡이 되었습니다      
@papan1n1,1,2년 전, 집 발매기념으로 왔음 굿굿
@dangunman127,3,3년 전,     잡아 땡기네 팬티를 갱이 왔어 책상위로
@OohWah,5,3년 전,     잡아땡기네 팬티를
@user-tj4px4do3w,0,3년 전,아 진짜    좋다
@user-se7zt2us3s,0,3년 전,오늘 딱 나온지 반년도  는데 왤케많이들었지    
@morocici,548,4년 전(수정됨),똥 먹어본 사람 좋아요
@iPADCe-,3,4년 전,노엘은  분의  로 달리고 한요한은  분의  로 달렸노         
@dontbeblue1,1,4년 전,이젠 람보르기니네    형 사랑
@user-jl7uf9zg6q,0,4년 전,진짜 한요한은 한국래퍼 원     썬
@user-jm7jz5hc5x,4,4년 전,                  원숭이 
@YOONHYEONWOO,7,4년 전,형 그차로는    킬로가 최대야   
@bebiep.8080,1,4년 전,                               
@user-hg8pd3bb5s,0,4년 전,진짜 멋있다 한요한 팬입니다   키드밀리랑     
@psshoot9994,3,4년 전,         
@user-nr9fj6zk2v,12,3년 전,     여기가 힙합 뮤비 명손가   애쉬 페러노이드  블루 다운타운베이비 한요한       다 비슷한 장소 같은데
@user-qr2fr2jt8g,0,4년 전,조타
@yabaloma3358,0,4년 전,형 원래도 좋았지만 요즘 노래 퀄리티가 왤케 좋아   형 앞으로 떡상가자   
@user-dq4wh9mp6h,3,4년 전,      
@user-fl4wn5mr9h,2,4년 전,노엘             
@suk-1850,0,4년 전,훅 개좋아  
@user-rr5en8bh3o,1,3년 전,모야 노래 개좋네
@Neko5326,3,3년 전,차 모델 뭐지 포르쉐 박스터    인가 
@mily-san2114,11,4년 전,                                                                                     
@user-tq6tl7vs3k,1,4년 전,형은 대한민국 탑 윈      이양
@sick484,1,2년 전,훅 개좋네
@user-yl1nr4ep1o,5,4년 전,형 포르쉐로       못가  
@user-wu9rn9oq6y,3,10개월 전,    
@logisong9866,0,4년 전,한요한 다운거 나왔네 항상 응원합니다
@user-rw9my3st2f,1,3년 전,이곡은      나는      이다
@user-jx5tx2ld7p,12,4년 전,     잡아땡기네 팬티를     
@user-nx9ns8tl8y,4,4년 전,나만 키드밀리 패션 멋지냐 떡볶이 아줌마 같은데  보면 볼수록           멋있다 오오오오오오
@sunwoo06_,0,4년 전,그저 한요한     한요한 한 노래
@user-xx3qj5co7p,0,3년 전,   띵곡
@user-mv3mb7px3h,4,4년 전(수정됨),안녕 요한이형 난 형 진짜 오래된 팬이야 지코 이슬라이브 할때 저 기타치는 원숭이는 누구지 라는 궁금증으로 형을 알게 됐고 그 이후로 블랙넛과 드래곤볼 입고 생쇼하는 형을 보면서 진짜 재밌고 대단한 음악을 하는 사람이다 하고 깨닫게 되었어 그렇게 형을 안지 많은 시간이 지났고 형이 훅잽이로 망하는거  댄스로 엄청난 뮤비 조회수를 찍어내는거 보면서 난 진짜 내가 더 기분이 좋고 진짜 행복했어  고등학교  년 동안 버티면서 힘들때도 많고 진짜 그만 살고 싶을 때도 엄청 많았어 하지만 그럴때마다 요한이형 오아시스  리셋  람보르기니  따릉이  어떡해야돼 진짜 수많은 띵곡들 엄청나게 들으면서 버텼어 사실 난 음악이 하고 싶었거든 너무나 말야   그렇게 난 수능 괜찮게 보고 서울로 올라오게 되었어 아빠가 음악하려면 무조건 서울로 올라간 다음에 음악을 해라 이렇게 말하셨거든   아래 링크는 내가 세번째로 만든 노래야 형이 내 노래 한번 들어줬으면 좋겠어 나도 언젠간 형처럼 멋진 아티스트가 되서 진짜 성공하고  꿈에 그리던 삶을 살고싶어 그때보자 요한이형 그때까지 파이팅하자           미래의 피처링
@user-tz8zg7dm5l,4,1년 전,페레노이드 느낌나네   
@onijagerkenji7,0,3년 전,진짜 처음에 들었을때 별로였는데 어느새 계속 듣고있다
@llliiiililil,1,3년 전(수정됨),     가 아니라 스쿨존     네     근데 노래는 개좋다   
@user-uo3hd1xs7s,5,4년 전,처음에 반쯤미쳐가는나   바로시작전에  여자목소리 뭐라들리는거죠     
@user-cb5qg9wg8i,12,3년 전(수정됨),솔직히 김도현이 맨날 틀어서 들으러 온 사람 
@user-xk6qp2mn6l,1,4년 전,와 개머시써
@kyopyotrq1467,0,3년 전,이노래 처음듣고 이거무슨노래임  하다가 검색해서 다시들으니까 더좋네   
@user-xt1rh3lh3q,4,4년 전,키드밀리 욀케 할머니같이 생겼냐       
@coldly374,3,4년 전(수정됨),     형 턱선 자랑인가요          
@user-so7js7zv4d,1,4년 전,역시 이형은 노란색을좋아하서  차도노랗내  역시 원슝      
@kmy-hm7gm,1,3년 전,노래 개 좋은데
@suckerforseulgi,15,4년 전,                                        
@lolololololololol6245,4,4년 전(수정됨),한요한이 부릅니다       노엘 
@user-oh5kv1nw1v,0,3년 전,오랜만에 독창성 있고 좋은 힙합 듣네
@user-up3pv5iw3r,2,4년 전,                                                        
@aaaa-dx6gh,4,3년 전,      여기 처음에  뒤돌지말고가 나 오줌쌀거야  인줄 알았음   
@owufdnxy,3,2년 전,썸네일 보고 이분 김구라 아들인줄 알았네
@aomggg,1,3년 전,                 
@user-pe1jn7hw3i,0,4년 전,한요한은 하나의 장르이다
@user-nf3lu3dn2l,3,4년 전,뽀큐 사랑한다      
@user-nc8cj3nc5i,9,3년 전,도국가
@defioktrisari,1,4년 전,                                        
@user-hf9jj8bg9p,0,3년 전,진정한 래퍼이자   의 노예 한요한
@jaebm366,6,4년 전,멋은 있는데 간지가 살짝 부족한 이유가 뭘까    형 수염길르고 머리 길러요 노래 좋아요
@Newwave77.7,2,4년 전,킫밀 옆에 용준이 있으면    
@user-fv7vk7zf7y,2,4년 전,뭔가 느낌이 드라마에서 주인공이 각성할때 나오는 음악 같음
@nox2changmo178,0,3년 전,너무 좋다   
@iii-official6709,3,4년 전,   얘는 뮤비가 다 노래 틀어놓고 인상 찡그리면서 기타치는 거임
@8648no,4,4년 전,뮤비가 파라노이드 따라한 것 같네 배경도 사막같고 엔딩도 파라노이드랑 비슷하네
@Kim_jung_en18,0,3년 전,한요한특 감동스럽다 텐션업
@user-wp4ct6xx4q,0,4년 전,   아는사람만 아는 맛집됨   
@user-vm3oj6vj7r,4,4년 전,노엘이 피쳐링 했으면 겁나 떴을 곡
@user-tl2sb2yn3e,0,4년 전,진짜 달리면어케해    형    
@blue__belief,0,4년 전,                       
@user-qh3tv1pi1n,0,3년 전,이런 띵곡을 이제야 알다니
@Oolonging,0,4년 전(수정됨),썸네일 보자마자 어우 뭐야          하면서 클릭   
@user-no8sk1vh3e,0,3년 전,형   얼른 람보타고 뮤비 찍어야지      
@getahunadane2112,0,4년 전(수정됨),이 노래 하루에 수십번 듣다가 친구한테 추천 했는데 친구   오랜만에서 이런 노래 들으니까 참 좋다    한요한  노래 개 좋다     
@aanggimoddi,0,4년 전,킫밀 넘좋다
@Hy-xq7po,0,3년 전(수정됨),노랜되게 미쳐버리는데 모습은 귀여워   
@user-wade7160,2,3년 전,진짜 역대급인듯   내일 수능 끝나고 이거들아야지   
@user-ty6pb1pn5b,0,3년 전,노래개좋네 
@yL-nd3ef,0,4년 전,진짜 대박  
@user-sw3jd3ct8k,0,4년 전,이건 아무나 따라 부를수없다
@sobangcha_not_stop_boy,1,2년 전,반쯤미쳐가는나 
@boyoung0212_official,1,4년 전,노래 진짜 개좋다
@user-pb7tb3oh8g,0,4년 전,와
@셀랑,0,1개월 전,와 개좋네        
@user-gn8st1ef3r,0,3년 전,한요한 놀리지마 음악개잘함
@user-vy9xs4pj2q,0,2년 전,     
@user-fc7gk1xc4h,0,4년 전,개좋네
@user-bh5vk7rn8e,0,4년 전,이번거 진짜 잘 만들었다고 생각해                  앞으로도 이런음악 부탁할게요
@user-il4uz8uq8h,0,3년 전,우와
@user-wq5hz1lb1t,1,3년 전,한요한 반쯤 미쳐감 댓글 수준 걍 미쳐감
@defodong,0,4년 전,우리 요한이형 이렇게 노래를 잘 하다니 쌌다부러 오늘부터  일하자
@user-rk4ht8dz2c,0,3년 전,한요한팬입니다 
@jieunchoi4367,0,4년 전,개띵곡이다  
@thenashmin,1,3년 전,                       
@user-sq1sb8xv3p,0,4년 전,이런 갓곡이 왜 조회수가   만임 
@cooxo1750,0,4년 전,     로 안달려서 다행이야 형
@coys_naughtyc9050,2,4년 전,키드밀리 지린다  
@TrueLove717,2,3년 전(수정됨),     저 와칸다를봐     나만 이렇게 들리냐
@ftjbg,1,4년 전,역시 랩 노래 인성 얼굴 모든걸다가진 래퍼     기리보이
@user-vf5kz9zh3o,0,3년 전,노래 개좋네
@user-jv2sq1uy5d,0,4년 전,키드밀리 개조아
@user-qi6cb3kd7d,0,2년 전,여태까지의 엔딩파트를 보는 것 같은 기분이다
@berrystraw7419,0,4년 전(수정됨),      차트 가자  
@user-lv4nj7yw1k,1,3년 전,기타 라이브로 하는거 또 보고 왔습니다 형님    
@user-wz4hm9ol5x,0,4년 전,한요한 왜이렇게잘생겻냐
@jjl4802,2,4년 전(수정됨),       
@mrksa9453,0,4년 전,       
@user-zo5cq7uj5x,1,4년 전,와
@user-sz6tu6pe9o,1,2년 전,오빠사랑해여 
@user-hl4nb2bk1i,0,3년 전,순간 썸네일 보고   그리인줄 알았습니다 알고보니 당신이었습니다   갓요한  
@rla6424,0,3년 전,존잘  
@user-jd2do7ks7v,1,2년 전,키드밀리 피쳐링  이건 못참지
@user-ky4ni8ry2z,0,4년 전,하 미친 이건 그냥           뽀귱
@donghyunyi2,0,2년 전,신나는비트
@youtubewatch2726,2,3년 전, 주년이다
@user-fu4gg9wi7w,1,4년 전,형    좋아해
@user-ov4jb7pu3n,1,4년 전,킫밀    빠져든다
@user-tl9gz4wc1f,0,4년 전,홍콩가서 지코 보조 서던 형이 여기까지 왔네 이번케이스 샀으니깐 꼭 디엠 줘
@user-yk5lu4ll7c,0,4년 전,레알 띵곡인데  
@파카여친,2,4년 전,아니 최원재 존나 귕엽잖아
@user-pn7pl8cs4c,1,3년 전(수정됨),내 스쿼트 본 세트 노래
@user-zc3cn2xx2m,0,4년 전,한요한 아이돌 데뷔 학계의 정설
@user-bh6iv5lt8e,0,4년 전,역시 한요한같은 노래네 역시 귿귿귿
@user-pj3pu6oy4g,0,4년 전,기타치는게 젤머싯다
@johnkim4240,2,4년 전,                         
@ran117s,0,3년 전,개좋앜      
@michelleliang397,0,2년 전,             
@jenniferlopez9155,1,4년 전,                               
@toky-topic4819,0,4년 전,노래  개좋네
@user-nz5th3zp6x,0,1년 전,노래에 빠지는 속도도         아니       임     
@Siksiksiksiksik79920,1,4년 전,연기 너무 오지는데     
@user-qf1uz9yd2y,0,4년 전,키드밀리 진짜  간지다   
@user-er5px2mw6x,0,4년 전,한요한 사랑해
@sobangcha_not_stop_boy,0,2년 전,노래 아주좋은
@jaun_713,2,3년 전,도국가 온  트위치 도현이 좋아하는 곡  도현 애국가 도국가             
@user-kg1rh5nt9d,2,2년 전, 이 형 노래믿고 얼굴막하네 랑  스윙스      로  댓어디갔냐   웃겼는데  
@llll7499,1,4년 전,머선일이고 요즘 노래 대박이노
@iruhwa,1,4년 전,키드밀리 등장씬 나만 좋냐
@user-vo4qm7zo5z,1,4년 전,         느낌난당
@exo.paradis,0,3년 전,                             
@thenashmin,1,3년 전,                       
@givemethatyohan,0,4년 전,그냥 찢었다
@TV-yh3ee,0,4년 전,개존멋이다
@user-rd3wz6xh8w,0,4년 전, 배속    개꿀밥도둑임
@user-zi8eu4rq8u,0,4년 전,노래 진짜 잘뽑았다
@user-fj3ef5fi5f,0,4년 전,요한형 특유의 그 존나 모자란 제스처가 존나 웃기다     사랑해 한요한    
@user-yk5or2wi1m,0,4년 전,이번 엘범 호우
@xnwqsnvcrqzx,0,4년 전,아 존나 좋아        
@user-jo6jx6gk5b,0,4년 전,그리야 이번곡 오진다 멜론 위가즈아   
@user-wg4xm3bv9j,0,4년 전,와 이거들으면서 버스 밖 창문 보면 존나 영화같음      
@TheMarineScientist,0,4년 전,           
@Y.SAEROM,0,4년 전,우와 멋있오    
@likemill2051,0,4년 전,형 사랑해  
@jaykang9458,0,4년 전,밀리령 두건 너무 깜찍해 
@esth2369,1,4년 전,킫밀파트도 진짜 개젛아    
@hjs9070,1,1년 전,썸넬 엠씨그리인줄
@SteeloRealfan,0,1년 전,   좋고    멋있어요          
@drowsy1113,1,3년 전,악당퇴치는 대체 왜 안뜨는겨
@acevedopatricia5836,1,2년 전,                         
@user-nt1dc8pb7f,0,2년 전,너무 멋져    
@user-dx2zc1ie5q,0,4년 전,뮤비 실화냐
@haewonleopark6218,0,4년 전,야 진짜  속도는        할때 개소름     
@user-su4bc3qo4p,0,3년 전(수정됨),   배속 좋네
@JoDeukgae,0,4년 전,노래 개 좋네 
@user-gj7ie2wq5d,0,4년 전,진짜 볆로다
@user-zk6lp9kh7d,0,1개월 전,지금도 듣는 노래
@diirs_y,0,4년 전,오파 최고양      
@Chanel._.e,0,3년 전,페라리 개 예쁘다 
@user-vb2ef1cc7f,2,4년 전,이거 진짜  나 좋은데
@user-qm9sr7yz5d,0,3년 전,기자양반 커버듣고 여기까지 찾아왔습니다     모형탑에서 떨어지는 너의 속도는      야아아 아아악아
@user-ou8yj5nx8p,0,4년 전,개지리네
@user-cy4rt9wj3p,0,4년 전,존나소름돋아
@꼬롱이,0,3년 전,운전하면서       범버카 람보르기니 노래듣고 질주하면됨     제가 이렇게 달리고있습니다 
@r-io7sl1fm6n,1,1년 전,운전할때좋은노래
@eklee9840,0,4년 전,훅부분 영상만 보면 신나는 노래인줄 알겠네    
@sdgk1818,1,3년 전,한요한 페라리  성공했네 스윙스  페라리 너 요즘 왤케 배부르게사냐  
@user-rr6cr9tm2r,2,3년 전,반쯤 미쳐가는 나 망가져 나의 삶 넌 내게서 나를 지워가고 또 나를 부셔버려라 추락한 나를 봐 눈앞에서 멀어지는 너의 속도는      로 너의 속도는      로 너의 속도는      로 눈앞에서 점이 되어버려 부질없는 것이 되어버렸어 대체 누가 쉽다고 말을 해 내 기억 영혼까지 전부 가져가죠 왜 내 숨이 나를 턱 끝까지 몰고 가네 왜 사라지는 나를 보는 기분이란 건 어때 사라지는 너의 속도 어림잡아    킬로 정도 돼 보여 뒤돌지 말고 가 지금 난 좀 사이코야 이럴수록 니가 필요하면 넌 다 알잖아 또 숨을 참는 나 곧 죽어가는 난 난 너를 지켜줄게 나를 지나갈 동안 조금씩 멀어지는 상태 두 눈을 감고 뜨면 사라질 것 같애 수많은 기억들을 돌고 돌아 너는 다시 우릴 마주칠 수 있나 반쯤 미쳐가는 나 망가져 나의 삶 넌 내게서 나를 지워가고 또 나를 부셔버려라 추락한 나를 봐 눈앞에서 멀어지는 너의 속도는      로 너의 속도는      로 너의 속도는      로 잘못된 길에 빠진 듯이 괜히 왔어 제자리로 다 알면서 왜 다시 여기 어제의 너는 너가 아닌 듯이 분홍빛의 환상인 듯 그래 원래 이게 나였었지 변하는 건 없어 별다를 것 없고 못 꺼낸 말은 많아도 지나쳐 버린 후고 우리는 뭐 옆자리에서 반대 자리 다른 종점     로 가장 너와 가까울 마지막일 걸 지금이 난 너가 지나간 길을 걍 멍히 보고 있을 수 밖에 죽여 찬 공긴 날 쟤넨 내 아픔도 다 남의 거라 하니까 난 입을 꾹 닫네 너의 등 앞에 원하는 건 없어 사랑은 더 없고 다친 나의 마음에 비해 너무 빠른 너의 발걸음 원하는 건 없어 사랑은 더 없고 다친 나의 마음에 비해 너무 빠른 너의 발걸음 반쯤 미쳐가는 나 망가져 나의 삶 넌 내게서 나를 지워가고 또 나를 부셔버려라 추락한 나를 봐 눈앞에서 멀어지는 너의 속도는      로 너의 속도는      로 너의 속도는      로
@owosz,0,3년 전,개좋네   
@danusorntyghb107,0,4년 전,             
@user-tm6nv6vd1t,1,4년 전,            페라리 방전        요한 
@user-hd1zb2og2j,1,4년 전,기름값으로 제작비의    가 나간 뮤비
@Biberwahn,0,3년 전(수정됨),         
@user-qs7em8ps5v,0,4년 전,피지컬   
@illlli802,0,1년 전,    년도      처럼 순식간이었다  
@user-ym4dn9cm6g,0,3년 전,
@user-gc5tn7dt8o,2,4년 전,
@user-xq2jr5zj4b,0,4년 전,구독자가     만명 와우 좋군 
@user-od5hl4eo2b,1,4년 전,형 왜 이렇게 잘생겨보이냐    
@eulkenjanchigooksu3014,1,4년 전,내 과속은     로  
@nine_eight9898,0,3년 전,   베 무쳤네   근데 그냥 노래도 좋네
@user-bw1ej6be2q,2,4년 전,진짜 좋다    
@dongikyang1181,0,4년 전(수정됨),요한이형 뮤비 오지게 멋있게 찍었는데 그와중에 아줌마 두건 쓰고있는 밀리형     레전드
@user-wr1jk2hl9r,1,2년 전,드라이브 필수곡
@Shawn-xl7ew,3,3년 전,아끼던 팬티였는데    
@user-lf5id4ng2p,1,3년 전,내가 릴쿠기에 나오길 바라는 댓글
@user-cy9pp8wj8t,0,4년 전,두근콩닥두근
@user-ko7jp6bt2o,0,4년 전,이제 홍원이만 남았네 한요한 그는     로 
@이성훈_Official,0,3년 전,   간지나는 노래
@user-gs7vw7ri7f,0,3년 전,릴쿠키님 하이
@user-kl7em4jf3j,0,4년 전,한요한판 파라노이드같다 뮤비도 곡 구성도
@thenashmin,0,3년 전,        
@5ur13,0,4년 전,왜 킬링벌스보다 조회수 적지
@user-cb4ic9rw2v,0,4년 전,오 약간 파라노이드 느낌나고 좋다
@user-nu8hz1xv7s,1,2년 전,대유튜버 피카온님이 커버하신거 보고왔어요
@user-om7rj2td3j,0,3년 전,왜 안뜨지
@user-kr7nk8ux3o,0,4년 전,뮤비에 잠깐 용준이 나오면      
@user-fd5dn1zd5n,0,4년 전,썸네일   그리 닮았당   둘다 존잘이에여   
@user-lh8jd5mi1u,0,2년 전,    
@zz1hou,0,4년 전,한요한       이거 뮤직비디오 비하인드 있었는데 왜 지금 찾아봐도 없지     어디있는지 아시는 분 없나요
@d_owner,1,4년 전,웨이러미닛보이   
@JAJ-ug7mc,1,4년 전,이 영상 정말 잘봤습니다  랩 잘하시네요  의미 없는 것 같으시겠지만 진심이 들어갔습니다  제 말투가 이래도 양해 부탁드립니다  앞으로도 건강하세요 
@user-ky2pd2yo8o,0,3년 전,코리안 락스타 한요한 
@aoaooaaoaoao4453,0,3년 전,진짜 힙합하는 임창정아닐까싶다
@lovethestars_lovethemoon,0,4년 전,
@thenashmin,0,3년 전,       
@user-qm6my1tl4b,0,4년 전,
@Yuepokorea,0,3년 전,      
@jebeomjin9809,0,4년 전,이거 드라마나 영화에서 추격전할 때 쓰면 개좋을 것 같은데 
@WO__O_JIN,0,3년 전,지금 더케이 구독자수 이번년도네  
@user-xn3fd4uw4k,1,3년 전,릴쿠기 형 내 댓글보면 영상에 넣어줘
@user-wm1xz9yx7j,0,4년 전,와  분  초 미쳤네
@user-ng1jm5lb4r,0,2년 전,오빠팬이에염 덜렁    
@user-vb2ef1cc7f,0,4년 전,이거 진짜  나 좋은데
@realgold6464,0,3년 전,     잡아땡기네 팬티를 개웃기넼 
@smsmwu,0,1년 전,김밥집 아주머니 패션까지 소화해낸 키드밀리  과연 그는 어디까지인가
@byungjun90,2,3년 전,이거 차에서들으면 개좋음
@hansp2792,0,4년 전,              
@user-pm1lg4bu8w,1,4년 전,이노래 두번 부르면 성대결절 올 듯
@PaulBlanko,0,4년 전,                 
@yun_seo-yun-07,0,3년 전,내 몸무게는      로  
@user-yu2ev9lw4e,1,4년 전,이노래를 투지폰한테 들려줬더니   가 돼버렸어요
@vinylvondarhie,0,4년 전(수정됨),전 얼마전  년간 사귄 애인과 헤어졌습니다    이유는 잘은 모르겠지만 서로 통하지 않는 소통이 문제라면 문제겠죠   전 그때까진 저밖에 몰랐으니까요 그녀의 속이 점점 타들어갈수록 점점더 힘들게 나의 속도     는       워후워워 
@user-uz8gp1hr3p,1,4년 전,우끼 
@hailey4876,0,3년 전,첨에 뮤비볼때 킫밀 여장한줄       
@istp8030,1,2년 전,
@hing___9,0,4년 전,          밀리형 보자기보고 뭐지했넼         
@routine2479,1,4년 전,형    섹시하다
@uebl4484,1,4년 전(수정됨),개멋있다
@m1llimusic513,1,4년 전,키드밀리 파트 반복재생은                               
@kimseungjun6294,0,3년 전,라이브 한번 보세여                
@CaffeineLove,1,4년 전,  만뷰인데 이번년안에    만뷰 가능 
@jinhyeongpark5025,0,4년 전,역시   그리 노래좋다  
@grandsky,0,4년 전,스타일링한 유인원 같숩돠 행님 충성   
@user-ri8zc2hg7n,0,2년 전,
@sherlyntehlaylian6273,0,4년 전(수정됨),                                                                                                                                
@user-ek3uo4rs1u,0,3년 전(수정됨),                 의 선구자
@user-cg4xw5lw9m,0,3년 전,노래 엄청 잘나왔네
@jk03sul78,1,4년 전(수정됨),      시속      로 가즈아          쾅 
@RanqiLi,1,3년 전,                           
@user-kb9xt8fj7f,0,4년 전,한요한 원     기옥 앨범 개잘만들었네 아 그리고 원숭이 닮았지만 우린 형을 사랑해
@Happy_noori,1,4년 전,얘들아 이거  개월전에 나온 해외팝 중에                             이랑 너무 똑같은데 진짜 한번만 들어주라 진짜 너무 똑같아 진짜로
@user-ng3xe6fs9d,0,3년 전,       그리  내가 언제 여기있었지   
@user-ky8nf4iq7g,0,4년 전,오빠     그기타 어디서난건지 알아요 사실그거       나도몰라   그냥물어본거야
@ussurianjopka837,1,4년 전,       
@user-min06,3,4년 전,형 아직 멀었군         부족하잖아  
@user-xh5xi2uw4w,0,4년 전,   람보로      가 아니라     로 달려서 다행이지
@JoshuaKabatay,2,2년 전,                     
@destinydestiny1733,0,4년 전,한요한  너의 속도는      로        노엘   
@searlekong,0,3년 전,포켓몬같은 애니 엔딩곡같음
@user-rz2xk3be1s,0,2년 전,내나이        기에  길을 묻 다
@user-fu3uq6pq4o,1,3년 전(수정됨),릴쿠기 언제와   
@user-kc8zh4ho6u,2,3년 전,잡아땡기네 치면 이거나옴                             
@user-tm7tv6do8e,1,4년 전(수정됨),이 노래를 노엘이 불러야 했는데
@user-vq8mh1tx5t,1,3개월 전,슬픔을 견디기위해 강한척 칼든 개  장사장님 
@user-gr8mj1gw7i,0,4년 전,형 왜이리 조회수가 안나와           불쌍하네
@user-ji1vk9bi2u,1,4년 전,조회수 왤케 안뽑히누   
@user-jx3lk6ph4u,2,4년 전,    끝네준다    
@seojunoh3164,0,3년 전,키드밀리가 찢었네  
@user-zn2wm9uo5b,1,4년 전,저 페라리 가격  억     아닌가   래퍼중에 차는 탑  
@user-jy9jt9ue2y,1,3년 전,      에 나오는 키드밀리 선글라스 어디제품인지 아시는분
@user-vq8mh1tx5t,1,3개월 전,오른손이 한일을 왼손은 모르게하라
@user-em4kt1kd5y,0,4년 전,
@wonjun0324,0,3년 전,이거 릴쿠기 채널에 올라갈 것 같은데 미리 댓 써놔야겠다
@IllIIlIIll,0,3년 전,한요한 키드밀리       댓글 모음   
@user-sw6oc7fn3h,0,4년 전,진짜    키로로달리면 어떡햌    
@claverol1,0,3년 전,                                                              
@user-ln7wp9kv4l,1,4년 전,너의 속도는     케로로  
@천안봄날,0,1년 전,삐빅 중고딩   대성인 남자들이 좋아할 노래입니다    물론 저
@chp7286,1,2년 전,군대에서 한참 튀김튀기고 있을때 나온 노래네
@um..4189,1,4년 전,형은 장재원아들이 아니야     
@user-qm2il2ju3j,0,3년 전,자 출석합니다
@user-rp4ss8zf4f,2,3년 전,     뒤돌지말고 가 지금 나 쫌 쌀거야
@inesgarcia3734,1,4년 전,
@HiroJJ94,0,4년 전,                           
@user-pe2we8br9t,0,4년 전,여러분들은 지금             의        를 보고 계십니다
@user-ru1yk8pc1x,0,3년 전,릴쿠기형 여기야
@user-cc5dq5td6v,0,4년 전,     
@user-xz1gv5vf7c,0,3년 전,    년에도 들으러 오는사람 손
@user-ei7qm3ev7t,0,4년 전,략간 소년만화 주제가 같음  
@Bong_Thing,0,4년 전,      같은 이런 리듬  느낌의 노래 추천점 해주세여  한요한 말고도 다른 가수 노래라도    부탁드릴게요  전문가분들
@juhoroki8651,0,1년 전,         
@sevolala,0,1년 전,                         
@sparkbike,0,3년 전,자전거 타면서 들으면    키로로 가는 것 같은 느낌이 나요 
@user-ez4di3no4b,0,2년 전,어떻게 그래도 어떻게 그렇게 연습을 몇 번이나 했어요
@파카여친,0,4년 전,최원재 사랑해 진짜로
@user-ux9tc3ji7k,0,2년 전,키드밀리는 저렇게 입어도 소화하네  
@bae_bul_ru,0,3년 전,형 댓글 볼지 아닐지 모르지만 이노래만 들음      근데 내가 형인디 어쩌지
@user-df3sw4vj8o,1,4년 전,썸네일 보고 그리인줄
@ae-cb6yn,0,3년 전,님들  분   초 쯤에 나오는 기타소리 대체 뭔지 알음  다른 팝송에서도 엄청 많이 들은 멜로디인디 우연인가
@user-ge3pj3fo1r,0,3년 전,자기야 나 유튜브에 이별노래만 뜬다  정말 신기하고 이상해 그래서 하나씩 듣는데 눈물이 너무 많이나 다 내이야기 같아서  다시 돌아와서 눈물 닦아줘 자기야 
@jong8874,1,4년 전,형     형마저 꼬라박으면 안돼     
@user-zc5ni1vp6w,1,3년 전,와   그리인줄     
@user-mh2rz1ic3x,0,3년 전,     킫밀 술마셔서 술 깰때까지  대기중
@user-td6mp9tr1x,1,4년 전,애쉬 아일랜드           머쉬베놈 왔다 한요한        대장
@faker9554,0,4년 전,파라노이드에 이을 락힙합인가
@user-uh3wz5lu1h,0,3년 전,아 그 한요한슬플때 록시땅 산산조각    키로 라 그래서 산산조각은 안들어봐서 어  들어볼까  하고 산산키로라고 적음  
@user-ii2ls3ue6h,1,3년 전,제 친구한테 한요한       알아  이러니까 걔      야  이러네     
@gucci6784,0,4년 전,썸네일에서 그리가보인다   보여
@aomggg,0,3년 전,               
@mashitda_bab,0,4년 전,난 말이야    형이 음악할때 너무 멋있어     뽀뽀해주고싶다
@loon_in_the_room,1,2년 전,노엘 피 거꾸로 솟게하는 곡
@달보,1,3년 전,릴쿠기 다음 영상이 여기라는데 바로왔다  
@user-lb8dk4ht3z,1,3년 전,릴쿠기 만약에 한요한     한다면 나 영상에 넣어줘   
@user-eo6ku4vl1b,1,3년 전,방금 재범달려 보고옴
@user-me7kx2pz4q,1,3년 전,한요한 거꾸로도 한요한
@user-iu5ie6tb1y,0,4년 전,눈 앞에서 다가오는 노엘 속도는      로 
@psnnna5171,0,4년 전,요즘 유튜버는 랩도 잘하네요   
@Dhdh36267,0,4년 전(수정됨),대한민국에서  다이어트를 가장 쉽게하는사람
@sonds914,1,3년 전,썸네일 창정이형님이신줄
@MokPo3BalNakG,0,4년 전(수정됨),추락한 나를 봐를 저 와칸다를 봐로 들었다     내가 이상한건가      
@ufc34777,1,4년 전,비트                  랑 비슷하네 암튼 좋다
@user-zn9nl4fh5w,1,2년 전,키드밀리 남편 미행하는 와이프같네여  
@rockhamroll,0,4년 전(수정됨),            킫밀 파트
@user-zb3jx7di8q,0,4년 전,아 형 진짜 존나 사랑해       씨발 존나 멋있잖아    
@user-yl5mm5xk4o,1,3년 전,도국가 듣고찾아온사람 손
@user-pi7xs9hg5y,1,4년 전,나만 썸네일 보고 그리인줄 알았냐   
@user-wz9gz2ej6l,0,1년 전,코야는      로   
@user-re9qd2jx1v,4,4년 전,썸네일   그리 닮았네          
@LightGreenDay,0,2년 전,              같당
@MyNameIsSeongMinLim,2,10개월 전,                                                  한요한 형님 한 번만 들어주세요 
@user-vs4yo4tn6x,0,2년 전,
@user-hx5dp8ci5v,0,1년 전,김동현 폼 미쳤다      
@shk2142,0,3년 전,후렴들을때마다 티페인생각난다
@PYOYOP,1,2년 전(수정됨),반쯤 미쳐가는 나 망가져 나의 삶 넌 내게서 나를 지워가고 또 나를 부셔버려라 추락한 나를 봐 눈앞에서 멀어지는 너의 속도는      로 너의 속도는      로 너의 속도는      로  눈앞에서 점이 되어버려 부질없는 것이 되어버렸어 대체 누가 쉽다고 말을 해 내 기억 영혼까지 전부 가져가죠 왜 내 숨이 나를 턱 끝까지 몰고 가네 왜 사라지는 나를 보는 기분이란 건 어때 사라지는 너의 속도 어림잡아    킬로 정도 돼 보여 뒤돌지 말고 가 지금 난 좀 사이코야 이럴수록 니가 필요하면 넌 다 알잖아  또 숨을 참는 나 곧 죽어가는 난 난 너를 지켜줄게 나를 지나갈 동안 조금씩 멀어지는 상태 두 눈을 감고 뜨면 사라질 것 같애 수많은 기억들을 돌고 돌아 너는 다시 우릴 마주칠 수 있나 반쯤 미쳐가는 나 망가져 나의 삶 넌 내게서 나를 지워가고 또 나를 부셔버려라 추락한 나를 봐 눈앞에서 멀어지는 너의 속도는      로 너의 속도는      로 너의 속도는      로  잘못된 길에 빠진 듯이 괜히 왔어 제자리로 다 알면서 왜 다시 여기 어제의 너는 너가 아닌 듯이 분홍빛의 환상인 듯 그래 원래 이게 나였었지 변하는 건 없어 별다를 것 없고 못 꺼낸 말은 많아도 지나쳐 버린 후고 우리는 뭐 옆자리에서 반대 자리 다른 종점      로 가장 너와 가까울 마지막일 걸 지금이 난 너가 지나간 길을 걍 멍히 보고 있을 수 밖에 죽여 찬 공긴 날 쟤넨 내 아픔도 다 남의 거라 하니까 난 입을 꾹 닫네 너의 등 앞에 원하는 건 없어 사랑은 더 없고 다친 나의 마음에 비해 너무 빠른 너의 발걸음 원하는 건 없어 사랑은 더 없고 다친 나의 마음에 비해 너무 빠른 너의 발걸음  반쯤 미쳐가는 나 망가져 나의 삶 넌 내게서 나를 지워가고 또 나를 부셔버려라 추락한 나를 봐 눈앞에서 멀어지는 너의 속도는      로 너의 속도는      로  너의 속도는      로     
@user-yy3el5eg4e,0,3년 전,    년은       가는건가 
@user-zq5vk5ef8d,0,4년 전,이 노래 듣고 저희 동생 터닝메카드가 부가티베이론이 됬습니다     어쩌죠
@ji.07.12,1,3년 전,   
@min_ssung,0,4년 전,니숨결도 존내좋음
@user-di9ci5np3k,1,4년 전,     초떄 애쉬뮤빈줄    
@user-ow7jz7wm5p,1,4년 전,키드밀리 패션 충남보령시 오일장패션인가
@JOe-lj2up,2,4년 전,김민규가 이노래를 좋아합니다 
@kiaraa1744,0,4년 전,             
@yjs45,0,4년 전,                   
@user-tr2xs7ws3f,0,3년 전,노래는 머리를 흔들고 음식은 내장을 흔든다 
@haewonleopark6218,0,4년 전,키드밀리 호치키슨줄   
@user-es6ek6cd6u,0,3년 전,             와칸다 를 봐      
@user-jw9gd7qt7n,1,3년 전(수정됨),     잡아땡기네 팬티를 
@user-ey9qz9ji5w,1,3년 전,     뒤돌지 말고 가 지금 난 좀쌀거야
@user-ri8tv5oq4u,0,4년 전,썸네일 보고 그리 참여한줄 알았다 손
@user-zy3sj4nz5p,1,4년 전(수정됨),밀리형 왜 저런 이상한 스카프 두르고있는거야     쑥 캐시는 할머니들 같애
@Sshshsha,0,2년 전,나 이거 왜 이제앎   
@user-kp6rr7dz6b,0,4년 전,한요한만새
@1nse0,0,3년 전,왔다가 시골판 파라노이드라면 이건 도시판 파라노이드 같당
@user-vk4kx4fe6s,0,4년 전,이거 라이브로 가능하긴 함      음역대 존나 높네
@gy0u_bi9n,0,1년 전,이빠이다
@kkkkkkkkkkdddddddddd,0,4년 전,존나 좋네 한요한 시발
@user-xi2xe1dx4c,0,4년 전,랩 잘하는 오랑우탄
@olive5859,0,3년 전,눈앞에서 사라지는 돈까슨      야 
@user-ii6bd4tf2r,0,3년 전,    속도는      로      제한속도      구간입니다 
@wade2038,0,4년 전,키드 밀리지않네
@user-to7qm1mj6t,1,4년 전,이 형도 이거 노엘 범버카 처럼 복선이였냐      
@user-fu3uq6pq4o,1,3년 전(수정됨),      쇼미 운동회 키드밀리 재키 닮은것같기도   
@nb.at.nb123,0,3년 전,곧 릴쿠기가 등장할 영상입니다
@user-li5ho7it8r,0,4년 전,나만 중간중간 와칸다로 들림  
@user-it3ew2fp4h,0,3년 전,             
@user-xf8xl4iv5h,0,4년 전,그렇게 페라리는 방전    
@user-bn6kk9rc2m,0,4년 전,   뭐야 존나좋노
@user-xj7is3yb3v,0,3년 전,뭔 노래가 습한 서울야경이랑 잘어울리냐     
@user-nf7qw3ko4m,0,2년 전,이건 노 엘상 줘야한다
@user-fm6ui3xi8q,0,3년 전,다친 나의 마음에 비해 너무 빠른 너의 발걸음     
@psj7290,1,3년 전,     형    
@user-ic5ec3wx7m,0,4년 전,킫밀리 대신  엘이었으면 뮤비찍다가 모두 별이 됐을 듯
@0johnecxx0,1,3년 전,                                          
@user-yy6ji3rj6r,1,4년 전,썸네일 그리인줄 알았넼   
@user-em9fh4kj8f,1,4년 전,      난 아냐 락스타 힙합이 짱이야
@user-vb4dy1go1u,0,2개월 전,노래 개좋네   근데      는 거리단위 아닌가    
@jjj-yu3fv,2,4년 전,기타잘치고 유튜브도꿀잼이고 노래도잘하고 얼굴도잘생긴        장범준
@user-uq5du4qq4k,0,3년 전,람보르기니로      나오고       나왔으니깐 다음 곡은       맞지 형   아 스포인가 
@user-tn5is4zh8g,0,4년 전,이야 썸네일에 떡하니   그리가 있네
@HJLEE-lf2hs,1,3년 전,노옐 내가 음주운전 하면 속도는    키로  
@user-pn8jt7xr6r,0,4년 전,썸네일보고 엠씨그리인줄  
@yeunii822,0,4년 전,미첫다 한요한이 잘생겨 보임   
@user-if4hv1ox1k,0,3년 전,썸네일   그리 신곡 낸 줄 알았다
@user-ui5tu9qt1c,0,4년 전(수정됨),저렇게 아무리 기타치고 열심히불러도 사실 둘리라면송 부르는지 아무도눈치못깜
@killersimple9171,2,4년 전,      잘못된길에 뺀티를
@user-sz7wh5tq5u,0,4년 전,이번 앨범 노래 전곡 레게노   
@user-cr1bk4ti9g,0,4년 전,     형 이거 내 얘기야 
@user-nb9qr7px7x,0,4년 전(수정됨),엠비션엔 애쉬가 있다면 저스트엔 한요한이있지
@user-ud4le8dc7f,0,4년 전,    속도는      로오오오 
@gochaster_,0,4년 전,설마 이거 초속    보고 영감받은건가
@user-ri4gh9uz2k,0,4년 전,킫밀 셀레나 고메즈           뮤비 같네   
@user-qx5pe8jz8f,0,3년 전,목소리 이런이유가 고음안올라가서 그렇게 했다는게 학계의정설
@user-tw1og2gu9y,1,3년 전,곧 릴쿠기가 오겠지 
@kiyoonj,2,3년 전,도현 오프닝곡이넹
@user-jd9dh6tx5c,0,4년 전,페라리 고장   
@ockjunghyen,0,4년 전,이게 왜 차트인이 안되냐  
@dss9970,0,4년 전,    다 꼴아 박아 범풔칼  
@bugii0829,0,4년 전,형 때메 드래곤볼 정주행 한다
@seungwoojeong1361,1,4년 전(수정됨),노엘의 속도는      로로로로로 로로롤
@Ariel-hi8xw,0,4년 전,
@black_1206,1,4년 전,    속도는     로 
@user-ne8zu1xc7l,0,4년 전,     잡아땡기는 내 팬티를  
@chuangchuang1885,1,3년 전,릴쿠기형 이거하면 나 넣어줬으면 좋겠다
@user-xd7ls8fo4m,1,4년 전,형 차였어   
@user-nu6yy6dt9w,0,3년 전,              
@Hyun206,2,3년 전,이 노래가 바로 원곡자도 파괴한다는 그 노래인가요   소문듣고 왔습니다
@user-bn3fi5bw7j,1,3년 전,영비     
@dangunman127,1,3년 전,대충 시작된 디스전
@user-kk9bw3pi7x,0,4주 전,   만 까지      로  
@user-fi3bv8jf9e,0,4년 전,     잡아땡기네 팬티를 이라고 들리네
@user-rk9cl9ht2g,0,4년 전(수정됨),원재 형   스카프도 패션이야    
@ssssarangmon,0,4년 전,내일          일
@user-yk5bs6vv9c,0,3년 전,릴쿠기 기다린다
@user-lp8qy3oc8b,0,4년 전,소리없이 봤는데 키드밀리가 제키와인줄 알고 흠칫했다
@user-gf2wy1hd3t,1,4년 전(수정됨),범퍼카와              노엘인건가  그래서 핼리콥터 사고는 누가 낼거야
@Seojinwook,0,4년 전,키드밀리   멋있네 진짜  빠진다
@user-uu6wv5jb8k,0,4년 전,형 맨날 헤어져주라
@user-qu2wl2pu1l,0,3년 전,노엘       가 속도야      정도는 되야 빠르다고 할수있지
@wkdgxs,0,4년 전,파라노이드 느낌난다
@user-ri6cp7bc3l,0,3년 전,킬라그램이 마지막에 내 몸무게는    키로다하면    인디
@user-jk9uw1gg9c,0,4년 전,오빠 얼굴 제대로 안 나온 이유가 조회 수 떡락할까봐라는 말이 있던데요
@user-du1kf2ic2u,0,4년 전,이번역은      역입니다  다음역은 반복역입니다 
@user-uz3zw4mr8n,0,4년 전,애쉬아일랜드 안본사이 왤캐 살쪗누
@ggeqg12,0,4년 전,브이넥    
@user-qs4ce3go5j,0,4년 전,썸네일 볼에 벌 쏘인   그리인줄
@user-uo3gf6ft4r,0,3년 전,썸넬 얼핏 보고   그리인줄
@user-vk4vq6mt1f,0,4년 전(수정됨),킫밀 길가에서 채소파는거 본거같은데 기분탓인가요 
@studentI-ml2ym,0,4년 전,형    혹시 마지막부분 형이친거      
@user-et6io2qq9k,2,3년 전,    
@kkk5523,0,4년 전,  초에 달리는거처럼 찍었는데 왜 계기판에     로 되있어
@dhtv1298,0,4년 전,뭔가 중간 배경이 파라노이드랑 비슷한거같다
@user-tl9gz4wc1f,0,3년 전,이제 저 포르쉐는 람보가 되었답니다    
@june6180,0,4년 전,썸넬 엠씨그리인줄
@eucong,1,3년 전,재키와이     국어
@ramenking9,0,4년 전(수정됨),암  뤼빙인어풬퀸페뤠노  이드
@Vinhyun18,0,4년 전,역시    선도부장
@user-yq7cd1or7u,0,4년 전,  그리 많이 컸네요 
@Imdaramrat,0,3년 전,형 박스터       안나가       
@user-jx3lk6ph4u,0,4년 전,한요한의 최고노래       노엘의 최고속도      
@user-pz5ek2si6c,0,4년 전,우와 감성 오랑우탄이다
@user-pz5ek2si6c,0,4년 전,우와 감성 오랑우탄이다
@kimbumgu,1,4년 전,   그리 닮으신 것 같네요        
@gyurei2320,2,3년 전,     모공이 많아도
@lunn.myportfolio,2,3년 전,    
@user-dd6fg1oj3s,0,4년 전,돈까쓰  내 몸무게는    키로  
@user-eh9eo5qw5y,0,3년 전(수정됨),여기곧있으면 릴쿠기형 올거같은데
@user-qr2fr2jt8g,1,3년 전,킫밀 빈첸 입었던 티셔츠 입었넼    
@user-tm1gt4cl7m,1,4년 전,포르쉐 박스터    최고속도      한요한          
@young2085,0,3년 전,핫도규 음악듣고 온샤람 
@yeeeeeeeyj,2,3년 전,원숭이가 손을 엄청 반갑게 흔들어주네요  어디 동물원인가요  
@user-fb8hj5if6r,0,3년 전,한요한  다 때려 박아 범퍼카   영비  때려  노엘  박아      어디에서 댓글있길래 웃긴건 같이봐야죠 그래서 따라적은거에요
@user-pj9mm3pm8n,0,4년 전,뮤비로 한시간짜리 없음  
@midski_69,0,3년 전,나의 속도는      
@AbeAing2006_,0,4년 전,썸네일이 가버렸네
@inyeong7137,1,4년 전,형도       로 달리다가 걍 노엘되는거여
@user-ie3gf7tr4w,0,4년 전,
@Blushfuluminuos,0,4년 전,아 요한이형 음악은 잘생겼는데 얼굴은 좋네
@jayfreeman3092,0,4년 전,오토튠 오랜만에 들으니 개좋구만
@Byubur,0,4년 전,추락한 나를봐 할때 저거 왜자꾸 와칸다를 봐 라고 들리냐
@user-vc1jr9hw9h,1,3년 전,썸네일   그리인줄
@user-sr3zi6cr6x,0,4년 전,썸넬보고   그리인줄
@JEJUGOLBANG,0,2년 전,                                            귀덕                                                                                                    제주 귀덕골방에 손님이 신청해주신 음악입니다   음악은 추억이 아닐까요 누군가에 신청곡으로 첨 듣는 음악을 듣게 되고 어디선가 그음악을 또 듣게 되면 아  골방에서 들었던 그노래  이런 추억을 다른이에게도 만들어주셨내요  누군가 듣고싶어 신청해주신 이노래를 만들어주신 작사 작곡  편곡자분들과 불러주신 가수분에게  정말 감사합니다    제댓글이 많아 불편하셨다면 정말 죄송합니다   하지만 제 댓글이 많다는건 이노래를 신청해주신 분들이 많다는거에요  그시간에 신청해주신 분이 이댓글을 보신다면 행복해 하실꺼라는걸 알거든요  그래서 신청곡이 들어올때마다 댓글을 남겨드리고 있어요  그시간에 소중한 신청곡 정말 감사합니다   골방을 하면서 정말 모르고 있던 좋은 음악들을 많이 듣게되어 행복합니다        년 새해 첫 달인   월   일  시타임 어느 손님에 신청곡  
@puleun_spring,0,2년 전(수정됨),                   
@user-lk7sl7lt5p,0,3년 전,마른하늘에날벼락치기전에조심하거라
@27872,0,4년 전,썸넬 보이콜드같다
@senon3184,1,3년 전(수정됨),썸네일 기침하기  초전 같네요
@user-io1dm3mc4f,0,4년 전,와칸다를 봐 인줄 허헣
@user-pm3mo8wk7x,1,3년 전,속도는    키로 요한이형 몸무게는      
@user-bh2ye8lb3b,0,4년 전,요즘 보자기 많이 쓰넼         
@user-yy7ff1xt4m,0,3년 전,     여기서 부터 오른손을 얼마나 흔드는지 세어보시오 
@Sunnylim09,1,3년 전,노래 진짜 좋은데 애쉬님이나 블루님이나 한요한님  등등 내가 좋아하는 가수들은 사막같은데에서 뮤비 찍음   신기 장소 다 공유하나
@tempo96,1,4년 전,형 람보르기니라두 속도는 지키라구  
@user-oh1jf4hc3x,0,4년 전,요한이형 앨범표지보면 칼이랑 기타 있는데 각각 의미하는게 뭐에요  
@SD-tu1my,1,2년 전,이 형또 음악믿고 얼굴 대충하네     최고의 아티스트
@user-if4xd7pn5g,0,2년 전,팬티를 잡아 땡기러 가끔 옴
@Ivmdaniel,1,4년 전,약간 에쉬느낌인데 요즘 이런게 유행인가
@user-wg4xm3bv9j,0,4년 전,예상      학예회 노래 빌었어 메테오 거지      
@user-mb4vs4eq1o,0,4년 전,나만 이 노래 듣고 침대에서 혼자 지랄발광했냐
@user-us3py3kl3f,0,3년 전,반쯤 미쳐가는 나 망가져 나의 삶 넌 내게서 나를 지워가고 또 나를 부셔버려라 추락한 나를 봐 눈앞에서 멀어지는 너의 속도는      로 너의 속도는      로 너의 속도는      로 눈앞에서 점이 되어버려 부질없는 것이 되어버렸어 대체 누가 쉽다고 말을 해 내 기억 영혼까지 전부 가져가죠 왜 내 숨이 나를 턱 끝까지 몰고 가네 왜 사라지는 나를 보는 기분이란 건 어때 사라지는 너의 속도 어림잡아    킬로 정도 돼 보여 뒤돌지 말고 가 지금 난 좀 사이코야 이럴수록 니가 필요하면 넌 다 알잖아  또 숨을 참는 나 곧 죽어가는 난 난 너를 지켜줄게 나를 지나갈 동안 조금씩 멀어지는 상태 두 눈을 감고 뜨면 사라질 것 같애 수많은 기억들을 돌고 돌아 너는 다시 우릴 마주칠 수 있나 반쯤 미쳐가는 나 망가져 나의 삶 넌 내게서 나를 지워가고 또 나를 부셔버려라 추락한 나를 봐 눈앞에서 멀어지는 너의 속도는      로 너의 속도는      로 너의 속도는      로 잘못된 길에 빠진 듯이 괜히 왔어 제자리로 다 알면서 왜 다시 여기 어제의 너는 너가 아닌 듯이 분홍빛의 환상인 듯 그래 원래 이게 나였었지 변하는 건 없어 별다를 것 없고 못 꺼낸 말은 많아도 지나쳐 버린 후고 우리는 뭐 옆자리에서 반대 자리 다른 종점      로 가장 너와 가까울 마지막일 걸 지금이 난 너가 지나간 길을 걍 멍히 보고 있을 수 밖에 죽여 찬 공긴 날 쟤넨 내 아픔도 다 남의 거라 하니까 난 입을 꾹 닫네 너의 등 앞에 원하는 건 없어 사랑은 더 없고 다친 나의 마음에 비해 너무 빠른 너의 발걸음 원하는 건 없어 사랑은 더 없고 다친 나의 마음에 비해 너무 빠른 너의 발걸음 반쯤 미쳐가는 나 망가져 나의 삶 넌 내게서 나를 지워가고 또 나를 부셔버려라 추락한 나를 봐 눈앞에서 멀어지는 너의 속도는      로 너의 속도는      로 너의 속도는      로
@lookback1198,0,3년 전,썸네일 엠씨그리인줄
@index712,1,2년 전,킫밀 옷이 되게 이상해보이는데 웰케 멋있냐
@thenashmin,1,3년 전,         
@user-mi6ri2lr9f,0,4년 전,한요한       스윙스       노엘 진짜      
@humans2134,0,3년 전,      가사 반쯤 미쳐가는 나 망가져 나의 삶 넌 내게서 나를 지워가고 또 나를 부셔버려라 추락한 나를 봐 눈앞에서 멀어지는 너의 속도는    킬로로                              너의 속도는    킬로로                              너의 속도는    킬로로 눈앞에서 점이 되어버려 부질없는 것이 되어버렸어 대체 누가 쉽다고 말을 해 내 기억 영혼까지 전부 가져가죠 왜 내 숨이 나를 턱 끝까지 몰고 가네 왜 사라지는 나를 보는 기분이란 건 어때 사라지는 너의 속도 어림잡아    킬로 정도 돼 보여 뒤돌지 말고 가 지금 난 좀 사이코야 이럴수록 니가 필요하면 넌 다 알잖아  또 숨을 참는 나 곧 죽어가는 난 난 너를 지켜줄게 나를 지나갈 동안 조금씩 멀어지는 상태 두 눈을 감고 뜨면 사라질 것 같애 수많은 기억들을 돌고 돌아 너는 다시 우릴 마주칠 수 있나 반쯤 미쳐가는 나 망가져 나의 삶 넌 내게서 나를 지워가고 또 나를 부셔버려라 추락한 나를 봐 눈앞에서 멀어지는 너의 속도는    킬로로                              너의 속도는    킬로로                              너의 속도는    킬로로 잘못된 길에 빠진 듯이 괜히 왔어 제자리로 다 알면서 왜 다시 여기 어제의 너는 너가 아닌 듯이 분홍빛의 환상인 듯 그래 원래 이게 나였었지 변하는 건 없어 별다를 것 없고 못 꺼낸 말은 많아도 지나쳐 버린 후고 우리는 뭐 옆자리에서 반대 자리 다른 종점    킬로로 가장 너와 가까울 마지막일 걸 지금이 난 너가 지나간 길을 걍 멍히 보고 있을 수 밖에 죽여 찬 공긴 날 쟤넨 내 아픔도 다 남의 거라 하니까 난 입을 꾹 닫네 너의 등 앞에 원하는 건 없어 사랑은 더 없고 다친 나의 마음에 비해 너무 빠른 너의 발걸음 원하는 건 없어 사랑은 더 없고 다친 나의 마음에 비해 너무 빠른 너의 발걸음 반쯤 미쳐가는 나 망가져 나의 삶 넌 내게서 나를 지워가고 또 나를 부셔버려라 추락한 나를 봐 눈앞에서 멀어지는 너의 속도는    킬로로                              너의 속도는    킬로로                              너의 속도는    킬로로 너의 속도는    킬로로 너의 속도는    킬로로
@bbokzanim,1,10개월 전,키드밀리보자기쓴거   
@user-rp8hx5ls5j,0,2년 전,음주운전    키로로 
@HEAVEN04,0,3년 전,릴쿠기형 언제와
@user-gl1el8ow2g,0,4년 전,형 노래 밑에 전부 달고나 얘기밖에 없어 달고나한테 지게 생겼어  
@user-mt6qf6mx6v,0,3년 전,    그만 잡아당겨
@user-qj9fd9eo5s,1,3년 전,키드밀리 니트 정보좀용   
@kevinsuh3786,0,3년 전,아쉽다 코디가    실제로 앨범 커버처럼 칼 한자루 있고 머리 더 튀는 색으로 염색했어야 하는데     지금 이미지 너무 깔끔함   
@Hyeonbeen_,0,4년 전,인트로 비트는 블루가 부를거같은데 킬라  가 나오네 
@user-zl5os9zy2j,0,3년 전,형 자동차달리는게      로 안보여
@user-zy2be1tr6m,0,3년 전,지금 들어도         
@MariaSanchez-bz3un,2,4년 전,                                   
@user-dy6de1dy4h,0,4년 전,노엘이였으면 어림잡아가 아니라 진짜      일텐데    
@user-ke7fy6ks5u,0,3년 전,쿠기형 이거안해줘 
@user-kt2wm3jc8t,0,3년 전(수정됨),     나만 다알면서 왜 인데 다이아몬드 어웨이라고 들림 
@psj7290,1,4년 전,킫밀리 빈첸이 탓 부를때 입은거인줄
@rosenakim8888,0,4년 전,내 무게는    키로야
@diraxx2955,0,4년 전,형님 대가리 조지게 박습니다 이노래 듣고 불알을 탁치고 갑니다
@user-fk1mb5ye5j,0,3년 전,스윙스 형도 앨범하나내자                     로
@user-en5lv2yj3r,4,4년 전,                   
@user-pn5zs7up7h,0,4년 전,                      이랑 되게 비슷하네용   
@user-dv6ew3nx1m,0,4년 전,반쯤 미쳐가는 나 망가져 나의 삶 넌 내게서 나를 지워가고 또 나를 부셔버려라 추락한 나를 봐 눈앞에서 멀어지는 너의 속도는      로 너의 속도는      로 너의 속도는      로 눈앞에서 점이 되어버려 부질없는 것이 되어버렸어 대체 누가 쉽다고 말을 해 내 기억 영혼까지 전부 가져가죠 왜 내 숨이 나를 턱 끝까지 몰고 가네 왜 사라지는 나를 보는 기분이란 건 어때 사라지는 너의 속도 어림잡아    킬로 정도 돼 보여 뒤돌지 말고 가 지금 난 좀 사이코야 이럴수록 니가 필요하면 넌 다 알잖아  또 숨을 참는 나 곧 죽어가는 난 난 너를 지켜줄게 나를 지나갈 동안 조금씩 멀어지는 상태 두 눈을 감고 뜨면 사라질 것 같애 수많은 기억들을 돌고 돌아 너는 다시 우릴 마주칠 수 있나 반쯤 미쳐가는 나 망가져 나의 삶 넌 내게서 나를 지워가고 또 나를 부셔버려라 추락한 나를 봐 눈앞에서 멀어지는 너의 속도는      로 너의 속도는      로 너의 속도는      로 잘못된 길에 빠진 듯이 괜히 왔어 제자리로 다 알면서 왜 다시 여기 어제의 너는 너가 아닌 듯이 분홍빛의 환상인 듯 그래 원래 이게 나였었지 변하는 건 없어 별다를 것 없고 못 꺼낸 말은 많아도 지나쳐 버린 후고 우리는 뭐 옆자리에서 반대 자리 다른 종점      로 가장 너와 가까울 마지막일 걸 지금이 난 너가 지나간 길을 걍 멍히 보고 있을 수 밖에 죽여 찬 공긴 날 쟤넨 내 아픔도 다 남의 거라 하니까 난 입을 꾹 닫네 너의 등 앞에 원하는 건 없어 사랑은 더 없고 다친 나의 마음에 비해 너무 빠른 너의 발걸음 원하는 건 없어 사랑은 더 없고 다친 나의 마음에 비해 너무 빠른 너의 발걸음 반쯤 미쳐가는 나 망가져 나의 삶 넌 내게서 나를 지워가고 또 나를 부셔버려라 추락한 나를 봐 눈앞에서 멀어지는 너의 속도는      로 너의 속도는      로 너의 속도는      로
@user-eo3eq4dk2w,0,4년 전,노엘      
@user-iy7rb7mc6r,0,3년 전,키드밀리 여잔줄     
@Leeeeeeeeee7,1,4년 전,노엘 포르쉐 속도는      
@user-zr1tk6uo6d,1,3년 전(수정됨),댓글정리 한요한        스윙스        노엘         
@user-pz5ek2si6c,0,4년 전,우와 감성 오랑우탄이다
@user-gm8yt4be1q,1,4년 전,왜 노엘이 생각나냐 갑자기   그립네
@user-io9vx4vk7f,0,4년 전(수정됨),한요한 오빠 나 수정 해주세요 
@user-su2nq5sr7h,0,3년 전(수정됨),엄마 나 릴쿠기 형 영상 언젠간 탈게
@user-vz2tj6nz3v,0,4년 전,한요한 노래 듣는거 다안다 닥치고 내 벤츠 갚아라 세인트폴 국제학교 출신      장용준
@user-ud3of9uy3g,0,4년 전,     가 아니라     아니냐
@user-sv4cc6xl7z,1,3년 전,     나 지금 오줌쌀꺼야
@user-mr8nu7bh7e,1,4년 전,미안하다 이거 보여주려고 어그로끌었다   한요한 스윙스 싸움수준    실화냐  진짜 세계관 최강자들의 싸움이다   그 돼지같던 한요한이 맞나  진짜 한요한은 전설이다  진짜옛날에 맨날 한요한 봘는데 왕같은존재인 원숭이 되서 세계최강 전설적인 원숭이된한요한보면 진짜내가다 감격스럽고 한요한 노래부터 뮤비까지 가슴울리는장면들이 뇌리에 스치면서 가슴이 웅장해진다   그리고 뮤비 에 창모앞에 운석날라오는 거대한 걸 한요한이 갑자기 순식간에 나타나서 부숴버리곤 개간지나게 한요한이 없다면        을 지킬 자는 나밖에 없다 라며 바람처럼 사라진장면은 진짜 한요한 처음부터 본사람이면 울수가없더라 진짜 너무 웃기고 기리보이를 최근에 알았는데 미안하다   지금앨범 정주행 하는데 진짜 한요한 피쳐링나와서 너무 감격스럽고 모두어엿하게 큰거보니 내가 다 뭔가 알수없는 추억이라해야되나 그런감정이 이상하게 얽혀있다   기리보이는 말을 못하는거같다 좋은선생이고  그리고 스윙스왜욕하냐 귀여운데 한요한을보는것같다 성격도 닮았어 그냥 닮았어 그리고 딩고에 한요한 스윙스 둘이싸워도 이기는 노엘 나온다는게 사실임   그리고인터닛에 쳐봣는디 이거      진짜팩트냐   깜빵 안가는거냐   나루토사스케 싸우는거봐라 진짜    이거보고 개충격먹어가지고 와 소리 저절로 나오더라    진짜 저건 개오지는데   저게   이면 진짜 꼭봐야돼 진짜 헬스장 차리고 피자먹는거 아니야    와 진짜 원숭이돈까쓰가 저렇게 되다니 진짜 눈물나려고했다   기리보이그라서 계속보는중인데 저거   이냐    하      돼지요한 보고싶다    진짜언제 이렇게 신급 최강들이 되었을까 옛날생각나고 나 중딩때생각나고 뭔가 슬프기도하고 좋기도하고 감격도하고 여러가지감정이 복잡하네   아무튼 한요한은 원숭이임
@Byubur,0,4년 전,         영희와 철수가 달리기를 하기위해       트랙에 서있다 이때 영희가  시간 일찍      로 걷고 있을때  시간뒤 철수가        의 속도로 뛰어갔다 그럼 영희와 철수가 출발점에서 다시만나는 시간은 
@user-kf4go5gw4d,0,4년 전,뮤비에 노엘 뉴스 뜬거 넣으면 개웃기겠다 
@서이,0,2년 전,                     랑 도입부     
@hoodumdum1989,0,4년 전,썸넬   그리 실화냐
@user-dt3wv7vf7x,0,3년 전,김구라아들 언제 이렇게 컸냐
@RORIC0123,0,3년 전,썸네일 순간 남친짤이 보였다
@user-vh9iy5iv3c,0,4년 전,형 처음시작 반주가                            이랑 너무똑같애    요한이형 볼수있게 좀 올려줘
@user-gc2nx8st9r,0,4년 전,킫밀 너무 달달한뎅
@user-ov4vl2iy8m,0,3년 전,     
@user-qd5us4js1l,0,3년 전,너의  몸무게는       
@user-yy4qj2fu6t,0,4년 전,한요한 돈 없어서 빌린거 뭔가 짠하다 더 열심히 해라
@user-bq3lj9zo2t,1,3년 전,노엘 추모곡        
@user-mn7wt4be3i,0,4년 전,       그리
@TV1213,0,4년 전,    이형 제스쳐 이상한데
@jiseop9,0,4년 전,이 제목은 한국도로공사가 싫어합니다 
@GangShit_,1,1년 전,썸넬 변요한인지   그리인지 헷갈림   
@jjeongapril,0,4년 전,노엘              경찰 
@atmgecko6003,1,4년 전,형 저차 노엘이 운전하는거 어때 
@hui_ch,0,3년 전,     애로우인가
@bebuba7943,0,3년 전,한요한       스윙스       노엘    년
@user-cj4vr7qs4h,0,3년 전,뮤비 시작하자마자 차 해먹으로 가는건가
@Capybara6156,0,3년 전,키드밀리 구찌룩임          
@nanfanyi6369,0,4년 전,                                             
@xxx-xf5fp,0,4년 전(수정됨),이름이 요한이 이유가 요요현상와서 요한이라고 지은거야 형 
@danusorntyghb107,0,4년 전,        
@eucong,0,3년 전,저는 이유 없이 좋아요를 받아보고 싶습니다
@user-km8ze9pp6h,1,4년 전,이거듣고 삘받아서   밟다가 벌금 끊고 왔습니다 
@user-tb4vx9uj2s,1,3년 전,썸넬   동현인데
@kuroyu8430,0,4년 전,내 몸무게는      
@gardenk06,0,4년 전,     지금 나 오줌 쌀거야
@user-xi7rh1sd1j,0,2년 전,            노엘 
@user-pz5ek2si6c,0,3년 전,    
@user-vx7ng4xt5e,0,4년 전,저는 왔다       파라노이드를 순서대로 안틀리고 못부릅니다 
@dualvolcanic,0,3년 전(수정됨),     속도는      
@DaysGone0321,0,3년 전,     
@user-iy3pq2rt9d,0,1년 전,    
@user-jp4jh5fu5g,0,3년 전,노래 최근에 알게되었는데 노엘노래가 아니엿군요
@user-iu8dm7uw7l,0,4년 전,미안한데 형 진짜로 잘생긴 원숭이 같아
@user-sy4it1wf4n,0,3년 전,썸네일 김구라 아들   그리아님    
@user-hy5ft2ws6n,0,4년 전,한요한       문지훈       장용준 시속       킫밀리      정상수 테이저건    번경험
@user-nr8sw1gp7c,0,3년 전(수정됨),     스누피가 왜필요해 
@ieeeya9138,0,4년 전(수정됨),      나는        
@user-gm2pt5ln4e,1,3년 전,쿠기형 다음은 이영상이지 
@user-jk6sx5xq8c,0,3년 전,썸내일   그리인줄     
@user-np8zn5dr7b,0,4년 전,  그리 신곡냈나요       형미안
@user-qn7nu3tb4w,0,4년 전(수정됨),    
@1guywithpassion,0,4년 전,                      
@vertano7916,1,3년 전,스윙스  내 몸통은      로         댓빌려옴
@user-ij3zz8hr2n,0,3년 전,곧있으면 릴쿠기형이 올거야 형 나 영상에 넣어줘
@user-rb9vh5om5s,0,3년 전,쿠키님이 이영상을 봤습니다
@user-hu6nm8eb3o,1,4년 전,노엘이 음주하고 밴츠타고 박은게 뮤비에 나오면   오지는데
@jc421,0,3년 전,    
@user-jr2mq2lv2v,0,3년 전,   속도는     
@defdef757,2,4년 전,도입부 파라노이드 들리는거 나만그러냐
@user-ic9ih7ev8s,0,3년 전,     
@user-vz3nr9ou7k,0,4년 전,            
@user-zn5oh3zt2l,0,3년 전,                      
@user-nz8tz6cl6x,0,3년 전,노엘 슝     추락한 노엘을 봐 노엘 떨어지는 속도는        노엘 좀 사이코야 조금씩 멀어지는 생명 다시 미쳐가는 노엘
@user-tt7ch9np1r,0,4년 전,    
@user-kf8mz2pe9l,1,4년 전,난 살찐 한요한이 더 좋음
@minhyeokoh8100,0,4년 전,머리색 뭔지 아시는분
@nustyle8349,0,3년 전,김계란        
@vision502,0,2년 전,    
@user-xx4nd5ik3h,0,4년 전(수정됨),              다음은        인가 
@user-sn6oh8rc8g,0,2주 전,썸네일 김구라 아들인줄
@박치기,0,4년 전,노엘도         
@antoinedesaint-exupery5331,1,2년 전,피카온
@deadkim7285,0,4년 전(수정됨),팩트 포르쉐      는      가나오지않는다     이탈리아도포함 
@punkboy888,0,4년 전,이 뮤비 애   애쉬 뮤 비 하고 비슷하네 덜덜 
@user-vc7ut6ko9q,1,4년 전(수정됨),와     이 오빠 노래 몸이랑 반대네     와           아 물론 키드밀리형 그리고 남자임   좋아요  개 감사합니다  누가 했는지 뻔함 
@sukkim3115,0,4년 전,    
@ritwice6755,0,4개월 전,썸네일 김구라 아들 같아
@twentyfour_seven,1,3년 전,자꾸 시작할때 무슨 여자목소리 들리는데  행정반에서 전파합니다  인줄 알고 자꾸 일시정지하고 이어폰 빼보네    
@yoogisummer7508,0,3년 전,한요한노래
@user-js7xo5dm4h,0,4년 전,썸네일   그리인 줄
@user-qh2oy9vt9g,0,4년 전,약간 패러노이드 느낌
@user-dj9lb5rw6t,0,4년 전,키드밀리 할머니인줄
@user-fz6oy6jq6n,0,4년 전,썸네일 엠씨그린줄
@user-rf5lp7bg6b,0,3년 전,                   들어보셈 많이비슷함
@user-qe9yb2yl8b,0,3년 전,참고로 포르쉐로    은 무슨    도 찍기 힘듬
@user-ef1ei1xh9o,1,4년 전,본격 스쿨존 금지곡
@aaashall,0,4년 전,이 형이 멋있는척 하니까 왜 이렇게 웃기지                   
@user-fx4kp9rd8k,0,3년 전,여기가 글쓰면 릴쿠기 형님한테 박제된다는 곳인가요 
@user-pu2pb3qf3t,0,4년 전,나만   그리 닮은것 같냐     
@Ihyunxxi,0,4년 전,싫어요   개라서 아무도 안누르는듯
@user-ef1ds6vq7h,1,4년 전,김동현인줄
@user-ut4gi4bf9f,0,3년 전,    존오버인줄 알음
@jihoslife,0,3년 전,     시속      로 달린다는 신고 받고 왔는데 누가 운전자죠     아 여깄군요  귀하를 현 시각으로 속도위반 혐의로 체포합니다  당신은 변호인을 선임할 권리가 있으며 변명의 기회가 있고 체포구속적부심을 법원에 청구할 권리가 있습니다
@akakss123,0,4년 전,  그리인줄
@lilrame9416,0,3년 전,키드밀리첨모습이 웰케시장아줌마같냨            
@bebuba7943,0,3년 전,한요한       스윙스       영비    대 노엘    만원
@user-ji7jb8iw8m,2,3년 전(수정됨),피쳐링 노엘 나오고 벤츠      로 달리면서 나오면 레전드였는뎈  차트  등 쌉가능함  
@user-bn9id3om6u,0,3년 전,사실상 노엘 추모곡   
@user-th5kw9hy4j,0,3년 전,밀리가쓴거 바부슈카임 
@waynehooney,0,2년 전,노엘 속도는      로 
@user-ft8id6ix7y,0,3년 전,오 이노래 장르가 뭔가요 
@Yuseong_hur,1,3년 전, 초 지민
@thomasaquinas9651,0,4년 전,나만 페레노이드 느낌나냐
@TV-sz5tv,0,3년 전,람보 르키니라니
@user-jh2hv1cm9v,0,3년 전,한요한님이 키드밀리님이랑 친하나요 
@user-jo4gb4th5w,0,3년 전,본격 중 병 스탇트
@user-wp5ny7fy2w,0,4년 전,키드밀리는 뭐 에이셉라키가됬네
@파카여친,1,4년 전,원재파트가 짱인데   
@user-os7wg3ib8p,0,4년 전,     은 시그니처 사운드가 없네
@user-iw4sn5ln5l,0,4년 전,형 이 뮤비에선 잘생겼네  
@matt3702,2,3년 전, 발       썸네일    그리인줄    
@user-ks8lm5pj7x,0,4년 전,     재키와이아니냐
@user-wq5xz8ks7u,1,3년 전,이노래가 제 사춘기와 똑같네요 그리고 시비걸지마세요 왜냐고 샌즈는 우리곁에잏고든 마춤뻡 잘지코고 말함       
@user-gv7qr1hs7h,0,4년 전,키드밀리형이 재키와이처럼보이는것 저만그럼 
@user-sw3vf3tq6e,0,3년 전,     둘이인사안해   안친하나    
@user-fq1pq9mu2m,2,3년 전,도국가
@oowkeat,0,4년 전,서장훈 키드밀리랑 같이햇나보네
@user-qt7or2iv1c,0,4년 전,   국힙에서 악기좀 잘 다루던 래퍼들은 왜 다 하고 싶던거 못하고 랩으로 왔냐 창모는 버클리 합격했는데 못가고 원숭이형도 라커 하고싶었던거 같은데 못하냐
@user-qd3co5yi1v,0,4년 전,키드밀리 여장한건가 
@user-uo7bf8ti7g,0,3년 전(수정됨),고릴라의질주
@user-jm9gz3sk3n,0,4년 전,성냥밀리소녀
@green_eyes.4,0,4년 전,페라리 방전인데여 
@user-ye6ti2us1c,1,4년 전,노엘 추모곡 들으러옴
@BIBI__Go,0,4년 전,이노래는 뮤비보면안됨
@user-ve1ov3wt6g,1,4년 전,이거 원래 노엘곡 아니였나  
@nine_eight9898,0,3년 전,   배 
@user-rh8me2bb8k,0,3년 전,내 친구가      를     으로 들어서 기분 나빠함 
@TV-qv6zm,0,4년 전,썸네일에   그리 뭐냐
@jedo9514,0,4년 전(수정됨),썸네일   그리 살찐 줄 알았네 
@user-ik6vd7ml2i,0,4년 전,키드밀리에서 지드래곤이 보였다
@Dd-hp6dp,0,4년 전,       인가요        인가요 
@user-vt6ke8lq1u,0,3년 전,석래 왔다감
@user-cz1bc9qf5j,0,3년 전, 
@user-yj3zg8bl6p,1,4년 전,왜 웃기지    
@user-mg3jr8yn6y,0,4년 전,키드밀리 패션 언급하는 사람들   웃기네       지들이 저렇게 입으면 일반 아줌마가 아니라  평집에서 사는 아줌마들이 쑥캐러 온 아줌마 각인데 왜 키드밀리 패션에 대해서 그런식으로 언급하는지 잘 모르겠네
@user-ll8rf1to1s,0,4년 전,키드밀리 왜 빠는겨 도대체   
@user-zv1ow5jr2e,0,3년 전,애쉬보다 형님보니깐 정글의 법칙 보는거 같습니다
@ang_gi_mochii,0,3년 전,이 노래가 노엘 음주운전 할때 들은 노래인가요  
@user-jhbhjjjnn,0,4년 전,키드밀리옷 빈첸이 고랩 김민규 피쳐렁 해줬을때 입은옷 아닌가  
@westsky0916,0,4년 전,썸네일 구라아들인줄 알았다     
@Leejeha012,0,4년 전,배경이 패러노이드 배경인데    
@gongduck8696,0,4년 전,김구라 아들 동현이 닮앗다
@user-mh2rz1ic3x,0,3년 전,노엘 속도는      로
@user-sr5nl2gf9l,2,4년 전,모동숲이랑 같이나왔네
@hyoung2951,0,4년 전,노엘은    키로로 
@user-rp8hx5ls5j,0,3년 전,동현이한테 형도 있었나
@user-eu4bl3cz3l,0,4년 전,국토교통부에 신고합니다  
@user-nw5uc1bx7f,0,4년 전,페러노이드급
@junyeun1331,0,4년 전,와 쫌 산산조각     느낌 나는데
@facefuckass,0,4년 전,   그리 똑 닮았누
@user-vk7gv8yb4w,0,4년 전(수정됨),반쯤 취해가는 나  실사판 범퍼카 예 넌 내게서 나를 박아가고 오토바일 부셔버려라   망가져 자동차 예 음주운전 하고박아버리는 차의 속도는    키로로
@user-ih2jt9fo1g,0,4년 전,형 차    키로도 안되면서    키로는 무슨    
@user-md3wy8bu2e,0,4년 전,피처링 노엘 이었으면 차트 위    
@user-hh7ju3wq9v,0,4년 전,차에 노엘탔으면    인데
@user-mf5gw5qq8j,1,4년 전,이형은 얼굴로 떠서 기분나쁘네   
@pry8401,0,3년 전,터널 차선변경 안되는데 차선 변경하네  
@user-uu6yq6tp3t,0,4년 전,나만   그리 보이는거야 
@power_cexs,1,3년 전,도국가 
@user-ck1et3mf5s,0,4년 전,약간 패러노이드 같은데
@dimittisnunc4859,1,4년 전,스윙스 몸무게는    키로  
@user-ut4gi4bf9f,0,3년 전,근데     은 사기야 단어  개밖에 몰라                                         대  영비 
@user-redpantz1,0,4년 전,포르쉐    임 
@user-ci2so4ld8l,0,4년 전,화장한 침팬지
@zottte,0,4년 전,  그리 많이늘었내
@user-dq3cl3fh1c,1,4년 전,터널 공기 안좋은뎅   뚜껑열고달리네
@user-zn4gm7mb7q,3,4년 전,너의 속도는     로
@user-ky8nf4iq7g,0,3년 전,내친구는        스윙스 
@user-pk6uj5qz5n,2,11개월 전,     잡아 땡기네 팬티를
@user-xp8tm3xb3x,0,4년 전,훅부를때만 잘생겨보이네
@__Uzi,2,4년 전(수정됨),  그리 가 보이네
@profile7590,0,3년 전,드라이브노래
@user-io9vx4vk7f,0,4년 전,강주차 초딩
@WonbakKim,0,4년 전,이 형 또 노래믿고 얼굴안하네
@kate-zw6qg,0,4년 전,애쉬따라함 
@lilililili4247,1,3년 전,도국가
@user-dq5ck3rk8p,1,3년 전,썸네일 왤케   그리 같냐   
@user-qv4ci9wd9f,0,4년 전,썸네일   그린줄
@user-wr5jh2ly2q,0,1개월 전,이눔의 오토튠   
@moyoung645,0,4년 전,머쉬베놈왔다랑비슷하네
@user-ef4ic5yf3o,0,4년 전,뮤비에서   그리가 보이는데  
@jhg0327,0,4년 전,약간 유비느낌 나는건 기분탓인가      
@user-ff3vc9zn3i,0,4년 전,엠씨그리인줄알았네
@user-kx5xu4wg2p,0,4년 전,                                              
@user-wooreno.jr.,0,2년 전, 
@user-jk2ce7st5k,0,3년 전,힙클에서 이거나오면 신나서따라하는애들 오른쪽 죽통 주고싶음
@user-xr8po7kf5z,0,6개월 전,다 좋은데 썸네일이    웃김
@dano6919,1,3년 전,  그린줄  
@user-sm9kw9tt2n,0,4년 전,노란 스카프 여성의 이름은 뭐죠 
@Give.me_bass,0,4년 전,형 늘 돈이 모자라서 벌판에서 찍는거지       
@user-tf2ym7rn2t,1,3년 전,  그리인줄 얼굴이참 
@y1shyeon,1,4년 전,한요한 원기옥 아 원숭이
@user-vo8ux4mh6e,0,4년 전,  그린줄 알았다
@TIqkfh,0,4년 전,키드밀리 나만 아줌마로 보임 
@user-yb7ln9zo5u,0,4년 전,닥치고 사랑해
@siruyocarrot3653,1,2년 전,음    갑자기 생각났는데    속도 단위는      라서 제목을 바꿔야할것같아요 요한이형 지금이라도 바꾸시죠     
@user-ru7rv1yw5v,0,3년 전,파라노이드랑 비슷하네
@user-cz4ou6gp7j,0,4년 전,외모 평타치 기타 잘침 랩 잘함 돈 많이 범 원숭이 처럼 생김     한요한
@knowyourself2037,0,3년 전,신발이 좀 안어울리는거 빼고 다좋아
@user-dx3lq7gt2j,0,4년 전,피쳐링으로 스윙스 나왔으면      가 아니라      아니냐     포르쉐가 아닌 돈까스집에서 촬영하고
@iwillfindyou742,0,2년 전,피카온이 더 잘부르네
@user-fo6sq3sb6k,1,4년 전,왜   그리가 보이냐   이건  한요한 뮤비데  
@user-pb4hc7ps3j,0,4년 전,김구라 아들래미 닮앗노
@77honor19,0,4년 전,  그리
@user-zi1kr8gd8s,0,4년 전,한요한 김구라 아들 닮았노
@user-wd4bb8oe9x,0,4년 전,원숭이는 없어졌닼 
@user-mm2ge5wg2f,0,4년 전,살요한 한빼자    자꾸   그리가 보여   
@user-tj8ik5fu9c,0,4년 전,킫밀 요구르트 아줌마 인가여  
@jsyImnida,0,4년 전,노래만보면 노엘마렵다
@nothingtohave5574,0,3년 전, 
@cunduns1908,0,3년 전,와 살쪘네   
@user-wp5ny7fy2w,0,4년 전,노엘이랑       리믹스 각인데 까비네
@user-ct7ht4lo3r,0,4년 전,키드밀리가 조금씩 씨잼물이 드는거같누
@user-pw4wb3gp9i,0,3년 전,약사양반 소엔 보고온 사람 손
@ju0hyn,0,4년 전(수정됨),반쯤 미쳐가는 나 망가져 나의 삶 넌 내게서 나를 지워가고 또 나를 부셔버려 다 추락한 나를 봐 어쩌라고
@hyun2987,0,4년 전,제트기냐
@KR-gz4hi,0,3년 전,      
@h2m_50ramen,0,4년 전(수정됨),요한님 혹시      의   가 킬로미터말고 키드밀리란 뜻도 있나요     노잼 죄송합니닼 
@user-du6be3mc9b,5,4년 전,기리보이 노엘 한요한 영비    
@closer6121,0,4년 전,썸네일   그리냐
@user-mw5yp3wt7p,0,3년 전,  그린줄  
@kormillionhiphop,1,3년 전,진짜 댓글 잼민이들 보기역하다
@user-bx4cy4sq7k,0,4년 전,노엘 알아서 잘 자숙하고 있는데 굳이 여기까지 와서 저격해야되나    솔직히 한 팬으로써  매우 보기 싫음
@12a36,2,4년 전,키드밀리보고 젊은 염따인줄    
@rdel,2,4년 전,썸네일 김구라 아들임         
@user-nt1xv7lg8f,0,4년 전,아닠         뮤비 볼때마다 키드밀리 왤케 아줌마 같냨        
@user-ve7gz4hr7y,1,3년 전(수정됨),저스디스 노래 전체가     랩스킬 키드밀리     간지 릴타치    혈압 스윙스       다른 분 참고 좀 했어요      노엘      
@sdaro2103,1,4년 전,처음에 김구라 아들인줄 알았고 중반쯤엔 왠 아줌마가 랩을하네요  
@user-qo7vy9yz1e,3,4년 전,아직도 들으러 오냐 출첵해
@nnopeee,0,4년 전,애쉬 아일랜드 짭인가요 
@user-ey6gr3nc1q,0,4년 전,파라노이드는 올리는데 이건 못부르겠다 
@user-lb8dk4ht3z,0,3년 전,     이거 노엘이 찍었으면    인데
@user-dv9nd7mi8d,5,4년 전(수정됨),     내 속도는   키로로 
@UserNameTHC246,0,4년 전,                                                          
@user-cz1eo4gv3h,0,2년 전,속도는     입니다
@user-kv1fy2pl7n,1,4년 전,동물원에서 탈출해서 랩하는 원숭이 같음
@gkrlskgo6183,0,2년 전(수정됨),     로 타다가 사고나면 바로 즉사
@user-im2fk5mz7r,0,4년 전,키드밀리 김밥아줌마 같다
@saintvalentineday,0,4년 전,한요한       스윙스       해쉬스완       블랙넛      노엘        
@2eefromkorea,0,4년 전,  그리 닮았당
@user-hp5zk5db4h,0,4년 전,왜케 가면 쓴거같이생겼지  
@juicewrld4556,3,4년 전,어린이 보호구역에서의 속도는   키로로   
@user-ey9qz9ji5w,0,3년 전,아줌마 출연료 얼마나 줬냐
@user-dm4mm2ks1o,0,3년 전,   따위로    키로 거리는거보면 개웃기네    부가티타고    키로 말하면모를까
@plzletmeloveu,1,2년 전(수정됨),오토튠좀 빼 좋은노래일것같아서 집중해보려고 하면 오토튠때문에 감상이 안됌
@user-me9mi1ub3q,1,3년 전(수정됨),연인이 사라지는 속도가         라고 표현 한듯하다 하지만 이말은 이상하다 그럼 도대체 왜 이것이 이상한지 알아보자 앞서 말했듯이 연인이 사라지는 속도를 진짜 속도 로 표현했다 그 말 뜻은 연인 즉 인간 혹은 오랑우탄 이 가        로이동해야한다  사람의 최고의 속도는 우사인 볼트의         초 기록이고     를 대충   으로 올림 하면 대략       가 나온다 그말은 즉슨 인간이 끽해봐야       가 나오는데 한번 한요한의 연인이 오랑우탄일 가능성을 생각해 보라는 말이 나올수 있다 그렇기에 한번 더 생각해보자 오랑우탄 은나뭇 가지나 잎을 이용해 나무 위 둥지를 만들어서 잘 때 혹은 휴식을 취할 때 이용한다 즉 오랑우탄은 한 지점에 거주하며 몸무게는     정도라 한다 이 생물이        를 넘을 확률은 없다고 볼수 있다 결정적 증거로는 알바트로스 라는 새 가 공식적으로         로 가장 빠른 동물이며 이는 생물 안에서는 절대 한요한의 연인이 존제할수 없다 그렇다면 한요한이 기계 성애자라 생각하자면 가장 빠른 것은 부가티 시론 슈퍼스포츠     다 이는         로 확실히         가 넘는다 하지만 금전적으론 가능할까  이 차는   억 정도이다 한요한은 노래 가사에 년봉  억    이라 했다 허세같지만 진짜라 가정시 생활비 다 때고도   년이 걸린다 그리고 한요한은   세 이고 보이는건   이다   년이 지나면 한요한의 얼굴은   살의 얼굴일것이고 이 경우 부가티 시론 슈퍼스포츠     이 한요한을 보고 떠나지 않을 가능성은 없다고 볼수 있다
@user-gn2jv9qf9r,0,4년 전,꺼져마
@TheGhke12,0,4년 전,키드밀리 패션 처음 봤을땐 아줌마 같았는데 보면 볼수록 할머니같다   
@user-bm6tl9yx4p,0,3년 전,                    랑 비트가 똑같노  
@jhl7823,1,3년 전,이형 연기 오지게 못한다
@steelo1205,0,4년 전,존나구려    진짜
@user-sf8xv6vc9b,0,2년 전,왜부름      이런노래
